observed_at,date,time,base_flag,purple_overlay,flag_label,severity,source,source_url,observation_type,message
2026-08-07T15:45:44.632498-05:00,2026-08-07,15:45:44,Yellow,False,Yellow,2,Visit PCB / Beach & Surf Patrol,https://www.visitpanamacitybeach.com/stay-pcb-current/,status_change,Current Beach Conditions: Yellow Flag
2026-08-08T06:36:05.627648-05:00,2026-08-08,06:36:05,Yellow,False,Yellow,2,Visit PCB / Beach & Surf Patrol,https://www.visitpanamacitybeach.com/stay-pcb-current/,daily_snapshot,Current Beach Conditions: Yellow Flag
2026-08-09T06:37:26.957856-05:00,2026-08-09,06:37:26,Yellow,False,Yellow,2,Visit PCB / Beach & Surf Patrol,https://www.visitpanamacitybeach.com/stay-pcb-current/,daily_snapshot,Current Beach Conditions: Yellow Flag
2026-08-10T06:54:40.849913-05:00,2026-08-10,06:54:40,Yellow,False,Yellow,2,Visit PCB / Beach & Surf Patrol,https://www.visitpanamacitybeach.com/stay-pcb-current/,daily_snapshot,Current Beach Conditions: Yellow Flag
2026-08-11T06:50:23.593672-05:00,2026-08-11,06:50:23,Yellow,False,Yellow,2,Visit PCB / Beach & Surf Patrol,https://www.visitpanamacitybeach.com/stay-pcb-current/,daily_snapshot,Current Beach Conditions: Yellow Flag
2026-08-12T06:53:52.063947-05:00,2026-08-12,06:53:52,Yellow,False,Yellow,2,Visit PCB / Beach & Surf Patrol,https://www.visitpanamacitybeach.com/stay-pcb-current/,daily_snapshot,Current Beach Conditions: Yellow Flag
2026-08-13T00:20:03.191143-05:00,2026-08-13,00:20:03,Yellow,False,Yellow,2,Visit PCB / Beach & Surf Patrol,https://www.visitpanamacitybeach.com/stay-pcb-current/,daily_snapshot,Current Beach Conditions: Yellow Flag
2026-08-14T06:51:53.404350-05:00,2026-08-14,06:51:53,Yellow,False,Yellow,2,Visit PCB / Beach & Surf Patrol,https://www.visitpanamacitybeach.com/stay-pcb-current/,daily_snapshot,Current Beach Conditions: Yellow Flag
2026-08-15T06:27:14.775646-05:00,2026-08-15,06:27:14,Yellow,False,Yellow,2,Visit PCB / Beach & Surf Patrol,https://www.visitpanamacitybeach.com/stay-pcb-current/,daily_snapshot,Current Beach Conditions: Yellow Flag
2026-08-16T06:27:17.687129-05:00,2026-08-16,06:27:17,Yellow,False,Yellow,2,Visit PCB / Beach & Surf Patrol,https://www.visitpanamacitybeach.com/stay-pcb-current/,daily_snapshot,Current Beach Conditions: Yellow Flag
2026-08-17T06:33:20.358063-05:00,2026-08-17,06:33:20,Yellow,False,Yellow,2,Visit PCB / Beach & Surf Patrol,https://www.visitpanamacitybeach.com/stay-pcb-current/,daily_snapshot,Current Beach Conditions: Yellow Flag
2026-08-18T06:32:29.861455-05:00,2026-08-18,06:32:29,Yellow,False,Yellow,2,Visit PCB / Beach & Surf Patrol,https://www.visitpanamacitybeach.com/stay-pcb-current/,daily_snapshot,Current Beach Conditions: Yellow Flag
2026-08-19T06:32:55.038386-05:00,2026-08-19,06:32:55,Yellow,False,Yellow,2,Visit PCB / Beach & Surf Patrol,https://www.visitpanamacitybeach.com/stay-pcb-current/,daily_snapshot,Current Beach Conditions: Yellow Flag
2026-08-20T06:34:13.708615-05:00,2026-08-20,06:34:13,Yellow,False,Yellow,2,Visit PCB / Beach & Surf Patrol,https://www.visitpanamacitybeach.com/stay-pcb-current/,daily_snapshot,Current Beach Conditions: Yellow Flag
2026-08-21T06:33:12.653042-05:00,2026-08-21,06:33:12,Yellow,False,Yellow,2,Visit PCB / Beach & Surf Patrol,https://www.visitpanamacitybeach.com/stay-pcb-current/,daily_snapshot,Current Beach Conditions: Yellow Flag
2026-08-22T06:27:21.117800-05:00,2026-08-22,06:27:21,Yellow,False,Yellow,2,Visit PCB / Beach & Surf Patrol,https://www.visitpanamacitybeach.com/stay-pcb-current/,daily_snapshot,Current Beach Conditions: Yellow Flag
2026-08-23T06:27:51.104701-05:00,2026-08-23,06:27:51,Yellow,False,Yellow,2,Visit PCB / Beach & Surf Patrol,https://www.visitpanamacitybeach.com/stay-pcb-current/,daily_snapshot,Current Beach Conditions: Yellow Flag
2026-08-24T06:36:29.868781-05:00,2026-08-24,06:36:29,Yellow,False,Yellow,2,Visit PCB / Beach & Surf Patrol,https://www.visitpanamacitybeach.com/stay-pcb-current/,daily_snapshot,Current Beach Conditions: Yellow Flag
2026-08-25T06:35:41.563260-05:00,2026-08-25,06:35:41,Yellow,False,Yellow,2,Visit PCB / Beach & Surf Patrol,https://www.visitpanamacitybeach.com/stay-pcb-current/,daily_snapshot,Current Beach Conditions: Yellow Flag
2026-08-26T06:37:03.535595-05:00,2026-08-26,06:37:03,Yellow,False,Yellow,2,Visit PCB / Beach & Surf Patrol,https://www.visitpanamacitybeach.com/stay-pcb-current/,daily_snapshot,Current Beach Conditions: Yellow Flag
2026-08-27T06:07:10.231048-05:00,2026-08-27,06:07:10,Yellow,False,Yellow,2,Visit PCB / Beach & Surf Patrol,https://www.visitpanamacitybeach.com/stay-pcb-current/,daily_snapshot,Current Beach Conditions: Yellow Flag
2026-08-28T00:11:18.020978-05:00,2026-08-28,00:11:18,Yellow,False,Yellow,2,Visit PCB / Beach & Surf Patrol,https://www.visitpanamacitybeach.com/stay-pcb-current/,daily_snapshot,Current Beach Conditions: Yellow Flag
2026-08-29T05:23:09.894662-05:00,2026-08-29,05:23:09,Yellow,False,Yellow,2,Visit PCB / Beach & Surf Patrol,https://www.visitpanamacitybeach.com/stay-pcb-current/,daily_snapshot,Current Beach Conditions: Yellow Flag
2026-08-30T00:13:22.537970-05:00,2026-08-30,00:13:22,Yellow,False,Yellow,2,Visit PCB / Beach & Surf Patrol,https://www.visitpanamacitybeach.com/stay-pcb-current/,daily_snapshot,Current Beach Conditions: Yellow Flag
2026-08-31T00:59:42.410825-05:00,2026-08-31,00:59:42,Yellow,False,Yellow,2,Visit PCB / Beach & Surf Patrol,https://www.visitpanamacitybeach.com/stay-pcb-current/,daily_snapshot,Current Beach Conditions: Yellow Flag
2026-09-01T02:40:12.675128-05:00,2026-09-01,02:40:12,Yellow,False,Yellow,2,Visit PCB / Beach & Surf Patrol,https://www.visitpanamacitybeach.com/stay-pcb-current/,daily_snapshot,Current Beach Conditions: Yellow Flag
2026-09-02T08:34:30.304189-05:00,2026-09-02,08:34:30,Yellow,True,Yellow + Purple,2,Visit PCB / Beach & Surf Patrol,https://www.visitpanamacitybeach.com/stay-pcb-current/,daily_snapshot,Current Beach Conditions: Yellow + Purple Flag
2026-09-03T01:23:47.058654-05:00,2026-09-03,01:23:47,Yellow,True,Yellow + Purple,2,Visit PCB / Beach & Surf Patrol,https://www.visitpanamacitybeach.com/stay-pcb-current/,daily_snapshot,Current Beach Conditions: Yellow + Purple Flag
2026-09-04T01:29:03.822370-05:00,2026-09-04,01:29:03,Yellow,True,Yellow + Purple,2,Visit PCB / Beach & Surf Patrol,https://www.visitpanamacitybeach.com/stay-pcb-current/,daily_snapshot,Current Beach Conditions: Yellow + Purple Flag
2026-09-05T00:33:03.689085-05:00,2026-09-05,00:33:03,Yellow,True,Yellow + Purple,2,Visit PCB / Beach & Surf Patrol,https://www.visitpanamacitybeach.com/stay-pcb-current/,daily_snapshot,Current Beach Conditions: Yellow + Purple Flag
2026-09-06T00:45:31.095834-05:00,2026-09-06,00:45:31,Yellow,True,Yellow + Purple,2,Visit PCB / Beach & Surf Patrol,https://www.visitpanamacitybeach.com/stay-pcb-current/,daily_snapshot,Current Beach Conditions: Yellow + Purple Flag
2026-09-07T00:55:57.634267-05:00,2026-09-07,00:55:57,Yellow,True,Yellow + Purple,2,Visit PCB / Beach & Surf Patrol,https://www.visitpanamacitybeach.com/stay-pcb-current/,daily_snapshot,Current Beach Conditions: Yellow + Purple Flag
2026-09-08T00:52:48.890279-05:00,2026-09-08,00:52:48,Yellow,True,Yellow + Purple,2,Visit PCB / Beach & Surf Patrol,https://www.visitpanamacitybeach.com/stay-pcb-current/,daily_snapshot,Current Beach Conditions: Yellow + Purple Flag
2026-09-09T01:35:02.492910-05:00,2026-09-09,01:35:02,Yellow,True,Yellow + Purple,2,Visit PCB / Beach & Surf Patrol,https://www.visitpanamacitybeach.com/stay-pcb-current/,daily_snapshot,Current Beach Conditions: Yellow + Purple Flag
2026-09-10T01:34:59.850447-05:00,2026-09-10,01:34:59,Yellow,True,Yellow + Purple,2,Visit PCB / Beach & Surf Patrol,https://www.visitpanamacitybeach.com/stay-pcb-current/,daily_snapshot,Current Beach Conditions: Yellow + Purple Flag
2026-09-10T12:03:13.283552-05:00,2026-09-10,12:03:13,Yellow,False,Yellow,2,Visit PCB / Beach & Surf Patrol,https://www.visitpanamacitybeach.com/stay-pcb-current/,status_change,Current Beach Conditions: Yellow Flag
2026-09-11T00:47:36.740076-05:00,2026-09-11,00:47:36,Yellow,False,Yellow,2,Visit PCB / Beach & Surf Patrol,https://www.visitpanamacitybeach.com/stay-pcb-current/,daily_snapshot,Current Beach Conditions: Yellow Flag
2026-09-12T01:22:56.941434-05:00,2026-09-12,01:22:56,Yellow,False,Yellow,2,Visit PCB / Beach & Surf Patrol,https://www.visitpanamacitybeach.com/stay-pcb-current/,daily_snapshot,Current Beach Conditions: Yellow Flag
2026-09-13T01:43:12.250619-05:00,2026-09-13,01:43:12,Yellow,False,Yellow,2,Visit PCB / Beach & Surf Patrol,https://www.visitpanamacitybeach.com/stay-pcb-current/,daily_snapshot,Current Beach Conditions: Yellow Flag
2026-09-14T01:02:32.518849-05:00,2026-09-14,01:02:32,Yellow,False,Yellow,2,Visit PCB / Beach & Surf Patrol,https://www.visitpanamacitybeach.com/stay-pcb-current/,daily_snapshot,Current Beach Conditions: Yellow Flag
2026-09-15T07:08:57.269881-05:00,2026-09-15,07:08:57,Yellow,False,Yellow,2,Visit PCB / Beach & Surf Patrol,https://www.visitpanamacitybeach.com/stay-pcb-current/,daily_snapshot,Current Beach Conditions: Yellow Flag
2026-09-16T00:52:35.394121-05:00,2026-09-16,00:52:35,Yellow,False,Yellow,2,Visit PCB / Beach & Surf Patrol,https://www.visitpanamacitybeach.com/stay-pcb-current/,daily_snapshot,Current Beach Conditions: Yellow Flag
2026-09-17T00:12:51.376604-05:00,2026-09-17,00:12:51,Yellow,False,Yellow,2,Visit PCB / Beach & Surf Patrol,https://www.visitpanamacitybeach.com/stay-pcb-current/,daily_snapshot,Current Beach Conditions: Yellow Flag
2026-09-18T00:46:05.401897-05:00,2026-09-18,00:46:05,Yellow,False,Yellow,2,Visit PCB / Beach & Surf Patrol,https://www.visitpanamacitybeach.com/stay-pcb-current/,daily_snapshot,Current Beach Conditions: Yellow Flag
2026-09-19T01:29:08.930499-05:00,2026-09-19,01:29:08,Yellow,False,Yellow,2,Visit PCB / Beach & Surf Patrol,https://www.visitpanamacitybeach.com/stay-pcb-current/,daily_snapshot,Current Beach Conditions: Yellow Flag
2026-09-20T07:17:04.752979-05:00,2026-09-20,07:17:04,Yellow,False,Yellow,2,Visit PCB / Beach & Surf Patrol,https://www.visitpanamacitybeach.com/stay-pcb-current/,daily_snapshot,Current Beach Conditions: Yellow Flag
2026-09-21T01:58:41.850556-05:00,2026-09-21,01:58:41,Yellow,False,Yellow,2,Visit PCB / Beach & Surf Patrol,https://www.visitpanamacitybeach.com/stay-pcb-current/,daily_snapshot,Current Beach Conditions: Yellow Flag
2026-09-22T08:10:58.607607-05:00,2026-09-22,08:10:58,Yellow,False,Yellow,2,Visit PCB / Beach & Surf Patrol,https://www.visitpanamacitybeach.com/stay-pcb-current/,daily_snapshot,Current Beach Conditions: Yellow Flag
2026-09-23T00:04:10.677476-05:00,2026-09-23,00:04:10,Yellow,False,Yellow,2,Visit PCB / Beach & Surf Patrol,https://www.visitpanamacitybeach.com/stay-pcb-current/,daily_snapshot,Current Beach Conditions: Yellow Flag
2026-09-24T01:02:04.028594-05:00,2026-09-24,01:02:04,Yellow,False,Yellow,2,Visit PCB / Beach & Surf Patrol,https://www.visitpanamacitybeach.com/stay-pcb-current/,daily_snapshot,Current Beach Conditions: Yellow Flag
2026-09-25T02:36:19.010357-05:00,2026-09-25,02:36:19,Yellow,False,Yellow,2,Visit PCB / Beach & Surf Patrol,https://www.visitpanamacitybeach.com/stay-pcb-current/,daily_snapshot,Current Beach Conditions: Yellow Flag
2026-09-26T02:29:02.145886-05:00,2026-09-26,02:29:02,Yellow,False,Yellow,2,Visit PCB / Beach & Surf Patrol,https://www.visitpanamacitybeach.com/stay-pcb-current/,daily_snapshot,Current Beach Conditions: Yellow Flag
2026-09-27T00:05:28.290530-05:00,2026-09-27,00:05:28,Yellow,False,Yellow,2,Visit PCB / Beach & Surf Patrol,https://www.visitpanamacitybeach.com/stay-pcb-current/,daily_snapshot,Current Beach Conditions: Yellow Flag
2026-09-28T01:41:57.681238-05:00,2026-09-28,01:41:57,Yellow,False,Yellow,2,Visit PCB / Beach & Surf Patrol,https://www.visitpanamacitybeach.com/stay-pcb-current/,daily_snapshot,Current Beach Conditions: Yellow Flag
2026-09-29T04:42:31.657128-05:00,2026-09-29,04:42:31,Yellow,False,Yellow,2,Visit PCB / Beach & Surf Patrol,https://www.visitpanamacitybeach.com/stay-pcb-current/,daily_snapshot,Current Beach Conditions: Yellow Flag
2026-09-30T01:33:58.057212-05:00,2026-09-30,01:33:58,Yellow,False,Yellow,2,Visit PCB / Beach & Surf Patrol,https://www.visitpanamacitybeach.com/stay-pcb-current/,daily_snapshot,Current Beach Conditions: Yellow Flag
2026-10-01T02:07:20.381731-05:00,2026-10-01,02:07:20,Yellow,False,Yellow,2,Visit PCB / Beach & Surf Patrol,https://www.visitpanamacitybeach.com/stay-pcb-current/,daily_snapshot,Current Beach Conditions: Yellow Flag
2026-10-01T12:20:17.674280-05:00,2026-10-01,12:20:17,Single Red,False,Single Red,3,Visit PCB / Beach & Surf Patrol,https://www.visitpanamacitybeach.com/stay-pcb-current/,status_change,Current Beach Conditions: Single Red Flag
2026-10-01T13:57:35.940189-05:00,2026-10-01,13:57:35,Single Red,False,Single Red,3,Visit PCB / Beach & Surf Patrol,https://www.visitpanamacitybeach.com/stay-pcb-current/,status_change,Current Beach Conditions: Single Red Flag
2026-10-01T15:30:30.796566-05:00,2026-10-01,15:30:30,Single Red,False,Single Red,3,Visit PCB / Beach & Surf Patrol,https://www.visitpanamacitybeach.com/stay-pcb-current/,status_change,Current Beach Conditions: Single Red Flag
2026-10-01T16:57:48.829909-05:00,2026-10-01,16:57:48,Single Red,False,Single Red,3,Visit PCB / Beach & Surf Patrol,https://www.visitpanamacitybeach.com/stay-pcb-current/,status_change,Current Beach Conditions: Single Red Flag
2026-10-01T18:35:29.442685-05:00,2026-10-01,18:35:29,Single Red,False,Single Red,3,Visit PCB / Beach & Surf Patrol,https://www.visitpanamacitybeach.com/stay-pcb-current/,status_change,Current Beach Conditions: Single Red Flag
2026-10-01T20:31:46.124485-05:00,2026-10-01,20:31:46,Single Red,False,Single Red,3,Visit PCB / Beach & Surf Patrol,https://www.visitpanamacitybeach.com/stay-pcb-current/,status_change,Current Beach Conditions: Single Red Flag
2026-10-02T02:28:03.642469-05:00,2026-10-02,02:28:03,Single Red,False,Single Red,3,Visit PCB / Beach & Surf Patrol,https://www.visitpanamacitybeach.com/stay-pcb-current/,status_change,Current Beach Conditions: Single Red Flag
2026-10-02T08:46:37.004944-05:00,2026-10-02,08:46:37,Single Red,False,Single Red,3,Visit PCB / Beach & Surf Patrol,https://www.visitpanamacitybeach.com/stay-pcb-current/,status_change,Current Beach Conditions: Single Red Flag
2026-10-02T10:54:17.056075-05:00,2026-10-02,10:54:17,Single Red,False,Single Red,3,Visit PCB / Beach & Surf Patrol,https://www.visitpanamacitybeach.com/stay-pcb-current/,status_change,Current Beach Conditions: Single Red Flag
2026-10-02T11:35:29.576018-05:00,2026-10-02,11:35:29,Single Red,False,Single Red,3,Visit PCB / Beach & Surf Patrol,https://www.visitpanamacitybeach.com/stay-pcb-current/,status_change,Current Beach Conditions: Single Red Flag
2026-10-02T12:53:11.664128-05:00,2026-10-02,12:53:11,Single Red,False,Single Red,3,Visit PCB / Beach & Surf Patrol,https://www.visitpanamacitybeach.com/stay-pcb-current/,status_change,Current Beach Conditions: Single Red Flag
2026-10-02T13:45:18.631025-05:00,2026-10-02,13:45:18,Single Red,False,Single Red,3,Visit PCB / Beach & Surf Patrol,https://www.visitpanamacitybeach.com/stay-pcb-current/,status_change,Current Beach Conditions: Single Red Flag
2026-10-02T15:12:46.441364-05:00,2026-10-02,15:12:46,Single Red,False,Single Red,3,Visit PCB / Beach & Surf Patrol,https://www.visitpanamacitybeach.com/stay-pcb-current/,status_change,Current Beach Conditions: Single Red Flag
2026-10-02T15:55:56.610672-05:00,2026-10-02,15:55:56,Single Red,False,Single Red,3,Visit PCB / Beach & Surf Patrol,https://www.visitpanamacitybeach.com/stay-pcb-current/,status_change,Current Beach Conditions: Single Red Flag
2026-10-02T17:14:04.595840-05:00,2026-10-02,17:14:04,Single Red,False,Single Red,3,Visit PCB / Beach & Surf Patrol,https://www.visitpanamacitybeach.com/stay-pcb-current/,status_change,Current Beach Conditions: Single Red Flag
2026-10-02T18:53:22.930990-05:00,2026-10-02,18:53:22,Single Red,False,Single Red,3,Visit PCB / Beach & Surf Patrol,https://www.visitpanamacitybeach.com/stay-pcb-current/,status_change,Current Beach Conditions: Single Red Flag
2026-10-02T19:21:45.195836-05:00,2026-10-02,19:21:45,Single Red,False,Single Red,3,Visit PCB / Beach & Surf Patrol,https://www.visitpanamacitybeach.com/stay-pcb-current/,status_change,Current Beach Conditions: Single Red Flag
2026-10-02T20:12:58.679731-05:00,2026-10-02,20:12:58,Single Red,False,Single Red,3,Visit PCB / Beach & Surf Patrol,https://www.visitpanamacitybeach.com/stay-pcb-current/,status_change,Current Beach Conditions: Single Red Flag
2026-10-02T21:24:40.514231-05:00,2026-10-02,21:24:40,Single Red,False,Single Red,3,Visit PCB / Beach & Surf Patrol,https://www.visitpanamacitybeach.com/stay-pcb-current/,status_change,Current Beach Conditions: Single Red Flag
2026-10-03T00:39:12.614652-05:00,2026-10-03,00:39:12,Single Red,False,Single Red,3,Visit PCB / Beach & Surf Patrol,https://www.visitpanamacitybeach.com/stay-pcb-current/,status_change,Current Beach Conditions: Single Red Flag
2026-10-03T07:01:28.562876-05:00,2026-10-03,07:01:28,Single Red,False,Single Red,3,Visit PCB / Beach & Surf Patrol,https://www.visitpanamacitybeach.com/stay-pcb-current/,status_change,Current Beach Conditions: Single Red Flag
2026-10-03T08:32:32.762814-05:00,2026-10-03,08:32:32,Single Red,False,Single Red,3,Visit PCB / Beach & Surf Patrol,https://www.visitpanamacitybeach.com/stay-pcb-current/,status_change,Current Beach Conditions: Single Red Flag
2026-10-03T09:46:42.377699-05:00,2026-10-03,09:46:42,Single Red,False,Single Red,3,Visit PCB / Beach & Surf Patrol,https://www.visitpanamacitybeach.com/stay-pcb-current/,status_change,Current Beach Conditions: Single Red Flag
2026-10-03T10:07:13.933446-05:00,2026-10-03,10:07:13,Single Red,False,Single Red,3,Visit PCB / Beach & Surf Patrol,https://www.visitpanamacitybeach.com/stay-pcb-current/,status_change,Current Beach Conditions: Single Red Flag
2026-10-03T11:13:38.561771-05:00,2026-10-03,11:13:38,Single Red,False,Single Red,3,Visit PCB / Beach & Surf Patrol,https://www.visitpanamacitybeach.com/stay-pcb-current/,status_change,Current Beach Conditions: Single Red Flag
2026-10-03T12:28:02.841060-05:00,2026-10-03,12:28:02,Single Red,False,Single Red,3,Visit PCB / Beach & Surf Patrol,https://www.visitpanamacitybeach.com/stay-pcb-current/,status_change,Current Beach Conditions: Single Red Flag
2026-10-03T13:39:41.662063-05:00,2026-10-03,13:39:41,Single Red,False,Single Red,3,Visit PCB / Beach & Surf Patrol,https://www.visitpanamacitybeach.com/stay-pcb-current/,status_change,Current Beach Conditions: Single Red Flag
2026-10-03T15:15:06.995914-05:00,2026-10-03,15:15:06,Single Red,False,Single Red,3,Visit PCB / Beach & Surf Patrol,https://www.visitpanamacitybeach.com/stay-pcb-current/,status_change,Current Beach Conditions: Single Red Flag
2026-10-03T16:53:22.599931-05:00,2026-10-03,16:53:22,Single Red,False,Single Red,3,Visit PCB / Beach & Surf Patrol,https://www.visitpanamacitybeach.com/stay-pcb-current/,status_change,Current Beach Conditions: Single Red Flag
2026-10-03T17:05:51.330929-05:00,2026-10-03,17:05:51,Single Red,False,Single Red,3,Visit PCB / Beach & Surf Patrol,https://www.visitpanamacitybeach.com/stay-pcb-current/,status_change,Current Beach Conditions: Single Red Flag
2026-10-03T18:03:35.861985-05:00,2026-10-03,18:03:35,Single Red,False,Single Red,3,Visit PCB / Beach & Surf Patrol,https://www.visitpanamacitybeach.com/stay-pcb-current/,status_change,Current Beach Conditions: Single Red Flag
2026-10-03T19:09:47.009945-05:00,2026-10-03,19:09:47,Single Red,False,Single Red,3,Visit PCB / Beach & Surf Patrol,https://www.visitpanamacitybeach.com/stay-pcb-current/,status_change,Current Beach Conditions: Single Red Flag
2026-10-03T19:31:25.922387-05:00,2026-10-03,19:31:25,Single Red,False,Single Red,3,Visit PCB / Beach & Surf Patrol,https://www.visitpanamacitybeach.com/stay-pcb-current/,status_change,Current Beach Conditions: Single Red Flag
2026-10-03T20:45:13.080028-05:00,2026-10-03,20:45:13,Single Red,False,Single Red,3,Visit PCB / Beach & Surf Patrol,https://www.visitpanamacitybeach.com/stay-pcb-current/,status_change,Current Beach Conditions: Single Red Flag
2026-10-03T21:46:22.419001-05:00,2026-10-03,21:46:22,Single Red,False,Single Red,3,Visit PCB / Beach & Surf Patrol,https://www.visitpanamacitybeach.com/stay-pcb-current/,status_change,Current Beach Conditions: Single Red Flag
2026-10-04T01:14:25.522922-05:00,2026-10-04,01:14:25,Single Red,False,Single Red,3,Visit PCB / Beach & Surf Patrol,https://www.visitpanamacitybeach.com/stay-pcb-current/,status_change,Current Beach Conditions: Single Red Flag
2026-10-04T07:33:16.538599-05:00,2026-10-04,07:33:16,Single Red,False,Single Red,3,Visit PCB / Beach & Surf Patrol,https://www.visitpanamacitybeach.com/stay-pcb-current/,status_change,Current Beach Conditions: Single Red Flag
2026-10-04T08:24:54.510917-05:00,2026-10-04,08:24:54,Single Red,False,Single Red,3,Visit PCB / Beach & Surf Patrol,https://www.visitpanamacitybeach.com/stay-pcb-current/,status_change,Current Beach Conditions: Single Red Flag
2026-10-04T09:22:33.240430-05:00,2026-10-04,09:22:33,Single Red,False,Single Red,3,Visit PCB / Beach & Surf Patrol,https://www.visitpanamacitybeach.com/stay-pcb-current/,status_change,Current Beach Conditions: Single Red Flag
2026-10-04T10:22:35.657717-05:00,2026-10-04,10:22:35,Single Red,False,Single Red,3,Visit PCB / Beach & Surf Patrol,https://www.visitpanamacitybeach.com/stay-pcb-current/,status_change,Current Beach Conditions: Single Red Flag
2026-10-04T10:43:56.495580-05:00,2026-10-04,10:43:56,Single Red,False,Single Red,3,Visit PCB / Beach & Surf Patrol,https://www.visitpanamacitybeach.com/stay-pcb-current/,status_change,Current Beach Conditions: Single Red Flag
2026-10-04T11:52:00.217078-05:00,2026-10-04,11:52:00,Single Red,False,Single Red,3,Visit PCB / Beach & Surf Patrol,https://www.visitpanamacitybeach.com/stay-pcb-current/,status_change,Current Beach Conditions: Single Red Flag
2026-10-04T12:42:36.293314-05:00,2026-10-04,12:42:36,Single Red,False,Single Red,3,Visit PCB / Beach & Surf Patrol,https://www.visitpanamacitybeach.com/stay-pcb-current/,status_change,Current Beach Conditions: Single Red Flag
2026-10-04T14:15:51.250623-05:00,2026-10-04,14:15:51,Single Red,False,Single Red,3,Visit PCB / Beach & Surf Patrol,https://www.visitpanamacitybeach.com/stay-pcb-current/,status_change,Current Beach Conditions: Single Red Flag
2026-10-04T14:29:28.396683-05:00,2026-10-04,14:29:28,Single Red,False,Single Red,3,Visit PCB / Beach & Surf Patrol,https://www.visitpanamacitybeach.com/stay-pcb-current/,status_change,Current Beach Conditions: Single Red Flag
2026-10-04T15:29:05.619554-05:00,2026-10-04,15:29:05,Single Red,False,Single Red,3,Visit PCB / Beach & Surf Patrol,https://www.visitpanamacitybeach.com/stay-pcb-current/,status_change,Current Beach Conditions: Single Red Flag
2026-10-04T16:24:02.451401-05:00,2026-10-04,16:24:02,Single Red,False,Single Red,3,Visit PCB / Beach & Surf Patrol,https://www.visitpanamacitybeach.com/stay-pcb-current/,status_change,Current Beach Conditions: Single Red Flag
2026-10-04T17:28:25.673717-05:00,2026-10-04,17:28:25,Single Red,False,Single Red,3,Visit PCB / Beach & Surf Patrol,https://www.visitpanamacitybeach.com/stay-pcb-current/,status_change,Current Beach Conditions: Single Red Flag
2026-10-04T18:18:58.701614-05:00,2026-10-04,18:18:58,Single Red,False,Single Red,3,Visit PCB / Beach & Surf Patrol,https://www.visitpanamacitybeach.com/stay-pcb-current/,status_change,Current Beach Conditions: Single Red Flag
2026-10-04T19:15:38.077953-05:00,2026-10-04,19:15:38,Single Red,False,Single Red,3,Visit PCB / Beach & Surf Patrol,https://www.visitpanamacitybeach.com/stay-pcb-current/,status_change,Current Beach Conditions: Single Red Flag
2026-10-04T20:10:09.073765-05:00,2026-10-04,20:10:09,Single Red,False,Single Red,3,Visit PCB / Beach & Surf Patrol,https://www.visitpanamacitybeach.com/stay-pcb-current/,status_change,Current Beach Conditions: Single Red Flag
2026-10-04T21:07:27.104959-05:00,2026-10-04,21:07:27,Single Red,False,Single Red,3,Visit PCB / Beach & Surf Patrol,https://www.visitpanamacitybeach.com/stay-pcb-current/,status_change,Current Beach Conditions: Single Red Flag
2026-10-05T02:37:26.076558-05:00,2026-10-05,02:37:26,Single Red,False,Single Red,3,Visit PCB / Beach & Surf Patrol,https://www.visitpanamacitybeach.com/stay-pcb-current/,status_change,Current Beach Conditions: Single Red Flag
2026-10-05T08:16:16.018065-05:00,2026-10-05,08:16:16,Single Red,False,Single Red,3,Visit PCB / Beach & Surf Patrol,https://www.visitpanamacitybeach.com/stay-pcb-current/,status_change,Current Beach Conditions: Single Red Flag
2026-10-05T10:58:00.359228-05:00,2026-10-05,10:58:00,Single Red,False,Single Red,3,Visit PCB / Beach & Surf Patrol,https://www.visitpanamacitybeach.com/stay-pcb-current/,status_change,Current Beach Conditions: Single Red Flag
2026-10-05T12:26:26.356790-05:00,2026-10-05,12:26:26,Single Red,False,Single Red,3,Visit PCB / Beach & Surf Patrol,https://www.visitpanamacitybeach.com/stay-pcb-current/,status_change,Current Beach Conditions: Single Red Flag
2026-10-05T13:33:28.980804-05:00,2026-10-05,13:33:28,Single Red,False,Single Red,3,Visit PCB / Beach & Surf Patrol,https://www.visitpanamacitybeach.com/stay-pcb-current/,status_change,Current Beach Conditions: Single Red Flag
2026-10-05T14:51:36.289560-05:00,2026-10-05,14:51:36,Single Red,False,Single Red,3,Visit PCB / Beach & Surf Patrol,https://www.visitpanamacitybeach.com/stay-pcb-current/,status_change,Current Beach Conditions: Single Red Flag
2026-10-05T16:31:18.375437-05:00,2026-10-05,16:31:18,Single Red,False,Single Red,3,Visit PCB / Beach & Surf Patrol,https://www.visitpanamacitybeach.com/stay-pcb-current/,status_change,Current Beach Conditions: Single Red Flag
2026-10-05T17:37:03.453067-05:00,2026-10-05,17:37:03,Single Red,False,Single Red,3,Visit PCB / Beach & Surf Patrol,https://www.visitpanamacitybeach.com/stay-pcb-current/,status_change,Current Beach Conditions: Single Red Flag
2026-10-05T18:06:06.449861-05:00,2026-10-05,18:06:06,Single Red,False,Single Red,3,Visit PCB / Beach & Surf Patrol,https://www.visitpanamacitybeach.com/stay-pcb-current/,status_change,Current Beach Conditions: Single Red Flag
2026-10-05T19:17:38.574730-05:00,2026-10-05,19:17:38,Single Red,False,Single Red,3,Visit PCB / Beach & Surf Patrol,https://www.visitpanamacitybeach.com/stay-pcb-current/,status_change,Current Beach Conditions: Single Red Flag
2026-10-05T19:56:15.313182-05:00,2026-10-05,19:56:15,Single Red,False,Single Red,3,Visit PCB / Beach & Surf Patrol,https://www.visitpanamacitybeach.com/stay-pcb-current/,status_change,Current Beach Conditions: Single Red Flag
2026-10-05T20:48:27.103264-05:00,2026-10-05,20:48:27,Single Red,False,Single Red,3,Visit PCB / Beach & Surf Patrol,https://www.visitpanamacitybeach.com/stay-pcb-current/,status_change,Current Beach Conditions: Single Red Flag
2026-10-05T22:10:06.632415-05:00,2026-10-05,22:10:06,Single Red,False,Single Red,3,Visit PCB / Beach & Surf Patrol,https://www.visitpanamacitybeach.com/stay-pcb-current/,status_change,Current Beach Conditions: Single Red Flag
2026-10-06T02:27:16.971391-05:00,2026-10-06,02:27:16,Single Red,False,Single Red,3,Visit PCB / Beach & Surf Patrol,https://www.visitpanamacitybeach.com/stay-pcb-current/,status_change,Current Beach Conditions: Single Red Flag
2026-10-06T08:32:38.179005-05:00,2026-10-06,08:32:38,Single Red,False,Single Red,3,Visit PCB / Beach & Surf Patrol,https://www.visitpanamacitybeach.com/stay-pcb-current/,status_change,Current Beach Conditions: Single Red Flag
2026-10-06T10:19:25.660259-05:00,2026-10-06,10:19:25,Single Red,False,Single Red,3,Visit PCB / Beach & Surf Patrol,https://www.visitpanamacitybeach.com/stay-pcb-current/,status_change,Current Beach Conditions: Single Red Flag
2026-10-06T11:16:34.142513-05:00,2026-10-06,11:16:34,Single Red,False,Single Red,3,Visit PCB / Beach & Surf Patrol,https://www.visitpanamacitybeach.com/stay-pcb-current/,status_change,Current Beach Conditions: Single Red Flag
2026-10-06T12:08:00.675970-05:00,2026-10-06,12:08:00,Single Red,False,Single Red,3,Visit PCB / Beach & Surf Patrol,https://www.visitpanamacitybeach.com/stay-pcb-current/,status_change,Current Beach Conditions: Single Red Flag
2026-10-06T13:22:09.758078-05:00,2026-10-06,13:22:09,Single Red,False,Single Red,3,Visit PCB / Beach & Surf Patrol,https://www.visitpanamacitybeach.com/stay-pcb-current/,status_change,Current Beach Conditions: Single Red Flag
2026-10-06T14:37:47.551599-05:00,2026-10-06,14:37:47,Single Red,False,Single Red,3,Visit PCB / Beach & Surf Patrol,https://www.visitpanamacitybeach.com/stay-pcb-current/,status_change,Current Beach Conditions: Single Red Flag
2026-10-06T16:14:16.986403-05:00,2026-10-06,16:14:16,Single Red,False,Single Red,3,Visit PCB / Beach & Surf Patrol,https://www.visitpanamacitybeach.com/stay-pcb-current/,status_change,Current Beach Conditions: Single Red Flag
2026-10-06T16:51:17.833247-05:00,2026-10-06,16:51:17,Single Red,False,Single Red,3,Visit PCB / Beach & Surf Patrol,https://www.visitpanamacitybeach.com/stay-pcb-current/,status_change,Current Beach Conditions: Single Red Flag
2026-10-06T17:58:17.587745-05:00,2026-10-06,17:58:17,Single Red,False,Single Red,3,Visit PCB / Beach & Surf Patrol,https://www.visitpanamacitybeach.com/stay-pcb-current/,status_change,Current Beach Conditions: Single Red Flag
2026-10-06T18:49:12.258619-05:00,2026-10-06,18:49:12,Single Red,False,Single Red,3,Visit PCB / Beach & Surf Patrol,https://www.visitpanamacitybeach.com/stay-pcb-current/,status_change,Current Beach Conditions: Single Red Flag
2026-10-06T20:01:40.608406-05:00,2026-10-06,20:01:40,Single Red,False,Single Red,3,Visit PCB / Beach & Surf Patrol,https://www.visitpanamacitybeach.com/stay-pcb-current/,status_change,Current Beach Conditions: Single Red Flag
2026-10-06T20:22:58.282673-05:00,2026-10-06,20:22:58,Single Red,False,Single Red,3,Visit PCB / Beach & Surf Patrol,https://www.visitpanamacitybeach.com/stay-pcb-current/,status_change,Current Beach Conditions: Single Red Flag
2026-10-06T21:14:38.500899-05:00,2026-10-06,21:14:38,Single Red,False,Single Red,3,Visit PCB / Beach & Surf Patrol,https://www.visitpanamacitybeach.com/stay-pcb-current/,status_change,Current Beach Conditions: Single Red Flag
2026-10-06T22:32:00.339351-05:00,2026-10-06,22:32:00,Single Red,False,Single Red,3,Visit PCB / Beach & Surf Patrol,https://www.visitpanamacitybeach.com/stay-pcb-current/,status_change,Current Beach Conditions: Single Red Flag
2026-10-07T02:40:52.795413-05:00,2026-10-07,02:40:52,Single Red,False,Single Red,3,Visit PCB / Beach & Surf Patrol,https://www.visitpanamacitybeach.com/stay-pcb-current/,status_change,Current Beach Conditions: Single Red Flag
2026-10-07T09:31:02.750756-05:00,2026-10-07,09:31:02,Single Red,False,Single Red,3,Visit PCB / Beach & Surf Patrol,https://www.visitpanamacitybeach.com/stay-pcb-current/,status_change,Current Beach Conditions: Single Red Flag
2026-10-07T10:48:43.811890-05:00,2026-10-07,10:48:43,Single Red,False,Single Red,3,Visit PCB / Beach & Surf Patrol,https://www.visitpanamacitybeach.com/stay-pcb-current/,status_change,Current Beach Conditions: Single Red Flag
2026-10-07T12:05:07.061744-05:00,2026-10-07,12:05:07,Single Red,False,Single Red,3,Visit PCB / Beach & Surf Patrol,https://www.visitpanamacitybeach.com/stay-pcb-current/,status_change,Current Beach Conditions: Single Red Flag
2026-10-07T12:45:21.039099-05:00,2026-10-07,12:45:21,Single Red,False,Single Red,3,Visit PCB / Beach & Surf Patrol,https://www.visitpanamacitybeach.com/stay-pcb-current/,status_change,Current Beach Conditions: Single Red Flag
2026-10-07T13:57:47.374903-05:00,2026-10-07,13:57:47,Single Red,False,Single Red,3,Visit PCB / Beach & Surf Patrol,https://www.visitpanamacitybeach.com/stay-pcb-current/,status_change,Current Beach Conditions: Single Red Flag
2026-10-07T15:09:23.803030-05:00,2026-10-07,15:09:23,Single Red,False,Single Red,3,Visit PCB / Beach & Surf Patrol,https://www.visitpanamacitybeach.com/stay-pcb-current/,status_change,Current Beach Conditions: Single Red Flag
2026-10-07T17:05:56.613997-05:00,2026-10-07,17:05:56,Single Red,False,Single Red,3,Visit PCB / Beach & Surf Patrol,https://www.visitpanamacitybeach.com/stay-pcb-current/,status_change,Current Beach Conditions: Single Red Flag
2026-10-07T18:00:05.692006-05:00,2026-10-07,18:00:05,Single Red,False,Single Red,3,Visit PCB / Beach & Surf Patrol,https://www.visitpanamacitybeach.com/stay-pcb-current/,status_change,Current Beach Conditions: Single Red Flag
2026-10-07T19:11:04.135240-05:00,2026-10-07,19:11:04,Single Red,False,Single Red,3,Visit PCB / Beach & Surf Patrol,https://www.visitpanamacitybeach.com/stay-pcb-current/,status_change,Current Beach Conditions: Single Red Flag
2026-10-07T21:04:51.207656-05:00,2026-10-07,21:04:51,Single Red,False,Single Red,3,Visit PCB / Beach & Surf Patrol,https://www.visitpanamacitybeach.com/stay-pcb-current/,status_change,Current Beach Conditions: Single Red Flag
2026-10-07T21:38:31.520839-05:00,2026-10-07,21:38:31,Single Red,False,Single Red,3,Visit PCB / Beach & Surf Patrol,https://www.visitpanamacitybeach.com/stay-pcb-current/,status_change,Current Beach Conditions: Single Red Flag
2026-10-08T05:22:09.174799-05:00,2026-10-08,05:22:09,Single Red,False,Single Red,3,Visit PCB / Beach & Surf Patrol,https://www.visitpanamacitybeach.com/stay-pcb-current/,status_change,Current Beach Conditions: Single Red Flag
2026-10-08T08:22:26.645022-05:00,2026-10-08,08:22:26,Single Red,False,Single Red,3,Visit PCB / Beach & Surf Patrol,https://www.visitpanamacitybeach.com/stay-pcb-current/,status_change,Current Beach Conditions: Single Red Flag
2026-10-08T11:38:51.162622-05:00,2026-10-08,11:38:51,Single Red,False,Single Red,3,Visit PCB / Beach & Surf Patrol,https://www.visitpanamacitybeach.com/stay-pcb-current/,status_change,Current Beach Conditions: Single Red Flag
2026-10-08T12:49:23.654760-05:00,2026-10-08,12:49:23,Single Red,False,Single Red,3,Visit PCB / Beach & Surf Patrol,https://www.visitpanamacitybeach.com/stay-pcb-current/,status_change,Current Beach Conditions: Single Red Flag
2026-10-08T13:51:30.592059-05:00,2026-10-08,13:51:30,Single Red,False,Single Red,3,Visit PCB / Beach & Surf Patrol,https://www.visitpanamacitybeach.com/stay-pcb-current/,status_change,Current Beach Conditions: Single Red Flag
2026-10-08T14:49:04.281563-05:00,2026-10-08,14:49:04,Single Red,False,Single Red,3,Visit PCB / Beach & Surf Patrol,https://www.visitpanamacitybeach.com/stay-pcb-current/,status_change,Current Beach Conditions: Single Red Flag
2026-10-08T16:35:33.240603-05:00,2026-10-08,16:35:33,Single Red,False,Single Red,3,Visit PCB / Beach & Surf Patrol,https://www.visitpanamacitybeach.com/stay-pcb-current/,status_change,Current Beach Conditions: Single Red Flag
2026-10-08T18:14:12.111431-05:00,2026-10-08,18:14:12,Single Red,False,Single Red,3,Visit PCB / Beach & Surf Patrol,https://www.visitpanamacitybeach.com/stay-pcb-current/,status_change,Current Beach Conditions: Single Red Flag
