date,latest_flag,latest_purple,peak_flag,peak_severity,purple_any,n_updates,first_time,last_time,latest_label,peak_label,year,month_num,month,dow
2024-08-19,Single Red,False,Single Red,3.0,False,1,10:00,10:00,Single Red,Single Red,2024,8,Aug,Monday
2024-08-20,Yellow,False,Yellow,2.0,False,1,10:03,10:03,Yellow,Yellow,2024,8,Aug,Tuesday
2024-08-21,Yellow,False,Yellow,2.0,False,1,10:00,10:00,Yellow,Yellow,2024,8,Aug,Wednesday
2024-08-22,Yellow,False,Yellow,2.0,False,1,10:00,10:00,Yellow,Yellow,2024,8,Aug,Thursday
2024-08-23,Yellow,False,Yellow,2.0,False,1,10:00,10:00,Yellow,Yellow,2024,8,Aug,Friday
2024-08-24,Yellow,False,Yellow,2.0,False,1,10:00,10:00,Yellow,Yellow,2024,8,Aug,Saturday
2024-08-25,Yellow,False,Yellow,2.0,False,1,10:00,10:00,Yellow,Yellow,2024,8,Aug,Sunday
2024-08-26,Yellow,False,Yellow,2.0,False,1,11:19,11:19,Yellow,Yellow,2024,8,Aug,Monday
2024-08-27,Yellow,False,Yellow,2.0,False,1,10:07,10:07,Yellow,Yellow,2024,8,Aug,Tuesday
2024-08-28,Yellow,False,Yellow,2.0,False,1,10:01,10:01,Yellow,Yellow,2024,8,Aug,Wednesday
2024-08-29,Yellow,False,Yellow,2.0,False,1,10:00,10:00,Yellow,Yellow,2024,8,Aug,Thursday
2024-08-30,Single Red,False,Single Red,3.0,False,2,10:00,13:21,Single Red,Single Red,2024,8,Aug,Friday
2024-08-31,Single Red,False,Single Red,3.0,False,1,10:00,10:00,Single Red,Single Red,2024,8,Aug,Saturday
2024-09-01,Single Red,True,Single Red,3.0,True,2,10:00,16:09,Single Red + Purple,Single Red + Purple,2024,9,Sep,Sunday
2024-09-02,Yellow,True,Yellow,2.0,True,1,10:00,10:00,Yellow + Purple,Yellow + Purple,2024,9,Sep,Monday
2024-09-03,Yellow,True,Yellow,2.0,True,1,10:01,10:01,Yellow + Purple,Yellow + Purple,2024,9,Sep,Tuesday
2024-09-04,Yellow,True,Yellow,2.0,True,1,10:18,10:18,Yellow + Purple,Yellow + Purple,2024,9,Sep,Wednesday
2024-09-05,Yellow,True,Yellow,2.0,True,1,10:08,10:08,Yellow + Purple,Yellow + Purple,2024,9,Sep,Thursday
2024-09-06,Yellow,True,Yellow,2.0,True,1,10:18,10:18,Yellow + Purple,Yellow + Purple,2024,9,Sep,Friday
2024-09-07,Yellow,True,Yellow,2.0,True,1,10:32,10:32,Yellow + Purple,Yellow + Purple,2024,9,Sep,Saturday
2024-09-08,Yellow,True,Yellow,2.0,True,1,10:00,10:00,Yellow + Purple,Yellow + Purple,2024,9,Sep,Sunday
2024-09-09,Yellow,True,Yellow,2.0,True,1,10:01,10:01,Yellow + Purple,Yellow + Purple,2024,9,Sep,Monday
2024-09-10,Single Red,True,Single Red,3.0,True,1,10:05,10:05,Single Red + Purple,Single Red + Purple,2024,9,Sep,Tuesday
2024-09-11,Single Red,True,Single Red,3.0,True,1,10:00,10:00,Single Red + Purple,Single Red + Purple,2024,9,Sep,Wednesday
2024-09-12,Double Red,False,Double Red,4.0,False,1,10:00,10:00,Double Red,Double Red,2024,9,Sep,Thursday
2024-09-13,Single Red,False,Double Red,4.0,False,2,10:00,17:25,Single Red,Double Red,2024,9,Sep,Friday
2024-09-14,Single Red,False,Single Red,3.0,False,1,10:00,10:00,Single Red,Single Red,2024,9,Sep,Saturday
2024-09-15,Yellow,False,Yellow,2.0,False,1,10:00,10:00,Yellow,Yellow,2024,9,Sep,Sunday
2024-09-16,Yellow,False,Yellow,2.0,False,1,10:17,10:17,Yellow,Yellow,2024,9,Sep,Monday
2024-09-17,Yellow,False,Yellow,2.0,False,1,10:00,10:00,Yellow,Yellow,2024,9,Sep,Tuesday
2024-09-18,Yellow,False,Yellow,2.0,False,1,10:00,10:00,Yellow,Yellow,2024,9,Sep,Wednesday
2024-09-19,Yellow,False,Yellow,2.0,False,1,10:00,10:00,Yellow,Yellow,2024,9,Sep,Thursday
2024-09-20,Yellow,False,Yellow,2.0,False,1,10:00,10:00,Yellow,Yellow,2024,9,Sep,Friday
2024-09-21,Yellow,False,Yellow,2.0,False,1,10:00,10:00,Yellow,Yellow,2024,9,Sep,Saturday
2024-09-22,Yellow,False,Yellow,2.0,False,1,10:00,10:00,Yellow,Yellow,2024,9,Sep,Sunday
2024-09-23,Yellow,False,Yellow,2.0,False,1,10:00,10:00,Yellow,Yellow,2024,9,Sep,Monday
2024-09-24,Yellow,False,Yellow,2.0,False,1,10:13,10:13,Yellow,Yellow,2024,9,Sep,Tuesday
2024-09-25,Double Red,False,Double Red,4.0,False,2,10:00,18:32,Double Red,Double Red,2024,9,Sep,Wednesday
2024-09-26,Double Red,False,Double Red,4.0,False,1,10:00,10:00,Double Red,Double Red,2024,9,Sep,Thursday
2024-09-28,Double Red,False,Double Red,4.0,False,1,10:00,10:00,Double Red,Double Red,2024,9,Sep,Saturday
2024-09-29,Double Red,False,Double Red,4.0,False,1,10:04,10:04,Double Red,Double Red,2024,9,Sep,Sunday
2024-09-30,Single Red,False,Single Red,3.0,False,1,10:00,10:00,Single Red,Single Red,2024,9,Sep,Monday
2024-10-01,Yellow,False,Yellow,2.0,False,1,10:00,10:00,Yellow,Yellow,2024,10,Oct,Tuesday
2024-10-02,Yellow,False,Yellow,2.0,False,1,10:00,10:00,Yellow,Yellow,2024,10,Oct,Wednesday
2024-10-03,Yellow,False,Yellow,2.0,False,1,10:00,10:00,Yellow,Yellow,2024,10,Oct,Thursday
2024-10-04,Yellow,False,Yellow,2.0,False,1,10:00,10:00,Yellow,Yellow,2024,10,Oct,Friday
2024-10-05,Yellow,False,Yellow,2.0,False,1,10:39,10:39,Yellow,Yellow,2024,10,Oct,Saturday
2024-10-06,Yellow,False,Yellow,2.0,False,1,10:01,10:01,Yellow,Yellow,2024,10,Oct,Sunday
2024-10-07,Yellow,False,Yellow,2.0,False,1,10:00,10:00,Yellow,Yellow,2024,10,Oct,Monday
2024-10-08,Yellow,False,Yellow,2.0,False,1,10:00,10:00,Yellow,Yellow,2024,10,Oct,Tuesday
2024-10-09,Single Red,False,Single Red,3.0,False,1,10:01,10:01,Single Red,Single Red,2024,10,Oct,Wednesday
2024-10-10,Single Red,False,Single Red,3.0,False,1,10:00,10:00,Single Red,Single Red,2024,10,Oct,Thursday
2024-10-11,Yellow,False,Yellow,2.0,False,1,10:00,10:00,Yellow,Yellow,2024,10,Oct,Friday
2024-10-12,Yellow,False,Yellow,2.0,False,1,10:00,10:00,Yellow,Yellow,2024,10,Oct,Saturday
2024-10-13,Yellow,False,Yellow,2.0,False,1,10:58,10:58,Yellow,Yellow,2024,10,Oct,Sunday
2024-10-14,Yellow,False,Yellow,2.0,False,1,10:00,10:00,Yellow,Yellow,2024,10,Oct,Monday
2024-10-15,Yellow,False,Yellow,2.0,False,1,10:02,10:02,Yellow,Yellow,2024,10,Oct,Tuesday
2024-10-16,Yellow,False,Yellow,2.0,False,1,10:00,10:00,Yellow,Yellow,2024,10,Oct,Wednesday
2024-10-17,Yellow,False,Yellow,2.0,False,1,10:00,10:00,Yellow,Yellow,2024,10,Oct,Thursday
2024-10-18,Yellow,False,Yellow,2.0,False,1,10:00,10:00,Yellow,Yellow,2024,10,Oct,Friday
2024-10-19,Yellow,False,Yellow,2.0,False,1,10:00,10:00,Yellow,Yellow,2024,10,Oct,Saturday
2024-10-20,Yellow,False,Yellow,2.0,False,1,10:00,10:00,Yellow,Yellow,2024,10,Oct,Sunday
2024-10-21,Yellow,False,Yellow,2.0,False,1,10:00,10:00,Yellow,Yellow,2024,10,Oct,Monday
2024-10-22,Yellow,False,Yellow,2.0,False,1,10:00,10:00,Yellow,Yellow,2024,10,Oct,Tuesday
2024-10-23,Yellow,False,Yellow,2.0,False,1,10:00,10:00,Yellow,Yellow,2024,10,Oct,Wednesday
2024-10-24,Yellow,False,Yellow,2.0,False,1,10:00,10:00,Yellow,Yellow,2024,10,Oct,Thursday
2024-10-25,Yellow,False,Yellow,2.0,False,1,10:00,10:00,Yellow,Yellow,2024,10,Oct,Friday
2024-10-26,Yellow,False,Yellow,2.0,False,1,10:01,10:01,Yellow,Yellow,2024,10,Oct,Saturday
2024-10-27,Yellow,False,Yellow,2.0,False,1,10:00,10:00,Yellow,Yellow,2024,10,Oct,Sunday
2024-10-28,Yellow,False,Yellow,2.0,False,1,10:03,10:03,Yellow,Yellow,2024,10,Oct,Monday
2024-10-29,Yellow,False,Yellow,2.0,False,1,10:00,10:00,Yellow,Yellow,2024,10,Oct,Tuesday
2024-10-30,Yellow,False,Yellow,2.0,False,1,10:38,10:38,Yellow,Yellow,2024,10,Oct,Wednesday
2024-10-31,Single Red,False,Single Red,3.0,False,1,10:00,10:00,Single Red,Single Red,2024,10,Oct,Thursday
2024-11-01,Single Red,False,Single Red,3.0,False,1,10:00,10:00,Single Red,Single Red,2024,11,Nov,Friday
2024-11-02,Single Red,False,Single Red,3.0,False,1,10:00,10:00,Single Red,Single Red,2024,11,Nov,Saturday
2024-11-03,Single Red,False,Single Red,3.0,False,1,09:00,09:00,Single Red,Single Red,2024,11,Nov,Sunday
2024-11-04,Single Red,False,Single Red,3.0,False,1,10:00,10:00,Single Red,Single Red,2024,11,Nov,Monday
2024-11-05,Double Red,False,Double Red,4.0,False,1,10:02,10:02,Double Red,Double Red,2024,11,Nov,Tuesday
2024-11-06,Single Red,False,Single Red,3.0,False,1,10:00,10:00,Single Red,Single Red,2024,11,Nov,Wednesday
2024-11-07,Single Red,False,Single Red,3.0,False,1,10:01,10:01,Single Red,Single Red,2024,11,Nov,Thursday
2024-11-08,Single Red,False,Single Red,3.0,False,1,10:00,10:00,Single Red,Single Red,2024,11,Nov,Friday
2024-11-09,Single Red,False,Single Red,3.0,False,1,10:00,10:00,Single Red,Single Red,2024,11,Nov,Saturday
2024-11-10,Single Red,False,Single Red,3.0,False,1,10:20,10:20,Single Red,Single Red,2024,11,Nov,Sunday
2024-11-11,Single Red,False,Single Red,3.0,False,1,10:00,10:00,Single Red,Single Red,2024,11,Nov,Monday
2024-11-12,Single Red,False,Single Red,3.0,False,1,10:26,10:26,Single Red,Single Red,2024,11,Nov,Tuesday
2024-11-13,Single Red,False,Single Red,3.0,False,1,10:00,10:00,Single Red,Single Red,2024,11,Nov,Wednesday
2024-11-14,Double Red,False,Double Red,4.0,False,1,10:00,10:00,Double Red,Double Red,2024,11,Nov,Thursday
2024-11-15,Single Red,False,Single Red,3.0,False,1,10:00,10:00,Single Red,Single Red,2024,11,Nov,Friday
2024-11-16,Yellow,False,Yellow,2.0,False,1,10:00,10:00,Yellow,Yellow,2024,11,Nov,Saturday
2024-11-17,Yellow,False,Yellow,2.0,False,1,10:00,10:00,Yellow,Yellow,2024,11,Nov,Sunday
2024-11-18,Single Red,False,Single Red,3.0,False,1,10:00,10:00,Single Red,Single Red,2024,11,Nov,Monday
2024-11-19,Double Red,False,Double Red,4.0,False,1,10:00,10:00,Double Red,Double Red,2024,11,Nov,Tuesday
2024-11-20,Double Red,False,Double Red,4.0,False,1,10:00,10:00,Double Red,Double Red,2024,11,Nov,Wednesday
2024-11-21,Single Red,False,Single Red,3.0,False,1,10:00,10:00,Single Red,Single Red,2024,11,Nov,Thursday
2024-11-22,Single Red,False,Single Red,3.0,False,1,10:00,10:00,Single Red,Single Red,2024,11,Nov,Friday
2024-11-24,Yellow,False,Yellow,2.0,False,1,10:00,10:00,Yellow,Yellow,2024,11,Nov,Sunday
2024-11-25,Yellow,False,Yellow,2.0,False,1,10:00,10:00,Yellow,Yellow,2024,11,Nov,Monday
2024-11-26,Single Red,False,Single Red,3.0,False,1,10:00,10:00,Single Red,Single Red,2024,11,Nov,Tuesday
2024-11-27,Yellow,False,Yellow,2.0,False,1,10:00,10:00,Yellow,Yellow,2024,11,Nov,Wednesday
2024-11-28,Single Red,False,Single Red,3.0,False,1,10:00,10:00,Single Red,Single Red,2024,11,Nov,Thursday
2024-11-29,Yellow,False,Yellow,2.0,False,1,10:00,10:00,Yellow,Yellow,2024,11,Nov,Friday
2024-11-30,Yellow,False,Yellow,2.0,False,1,10:00,10:00,Yellow,Yellow,2024,11,Nov,Saturday
2024-12-01,Yellow,False,Yellow,2.0,False,1,10:00,10:00,Yellow,Yellow,2024,12,Dec,Sunday
2024-12-04,Yellow,False,Yellow,2.0,False,1,10:00,10:00,Yellow,Yellow,2024,12,Dec,Wednesday
2024-12-05,Single Red,False,Single Red,3.0,False,1,10:00,10:00,Single Red,Single Red,2024,12,Dec,Thursday
2024-12-06,Yellow,False,Yellow,2.0,False,1,10:00,10:00,Yellow,Yellow,2024,12,Dec,Friday
2024-12-07,Yellow,False,Yellow,2.0,False,1,12:52,12:52,Yellow,Yellow,2024,12,Dec,Saturday
2024-12-08,Yellow,False,Yellow,2.0,False,1,11:23,11:23,Yellow,Yellow,2024,12,Dec,Sunday
2024-12-09,Single Red,False,Single Red,3.0,False,1,10:00,10:00,Single Red,Single Red,2024,12,Dec,Monday
2024-12-10,Single Red,False,Single Red,3.0,False,1,10:00,10:00,Single Red,Single Red,2024,12,Dec,Tuesday
2024-12-11,Single Red,False,Single Red,3.0,False,1,10:00,10:00,Single Red,Single Red,2024,12,Dec,Wednesday
2024-12-12,Yellow,False,Yellow,2.0,False,1,10:00,10:00,Yellow,Yellow,2024,12,Dec,Thursday
2024-12-13,Yellow,False,Yellow,2.0,False,1,10:00,10:00,Yellow,Yellow,2024,12,Dec,Friday
2024-12-14,Yellow,False,Yellow,2.0,False,1,10:00,10:00,Yellow,Yellow,2024,12,Dec,Saturday
2024-12-15,Yellow,False,Yellow,2.0,False,1,10:17,10:17,Yellow,Yellow,2024,12,Dec,Sunday
2024-12-16,Yellow,False,Yellow,2.0,False,1,10:05,10:05,Yellow,Yellow,2024,12,Dec,Monday
2024-12-17,Yellow,False,Yellow,2.0,False,1,10:29,10:29,Yellow,Yellow,2024,12,Dec,Tuesday
2024-12-18,Yellow,False,Yellow,2.0,False,1,10:00,10:00,Yellow,Yellow,2024,12,Dec,Wednesday
2024-12-19,Yellow,False,Yellow,2.0,False,1,10:56,10:56,Yellow,Yellow,2024,12,Dec,Thursday
2024-12-20,Yellow,False,Yellow,2.0,False,1,10:36,10:36,Yellow,Yellow,2024,12,Dec,Friday
2024-12-21,Yellow,False,Yellow,2.0,False,1,10:00,10:00,Yellow,Yellow,2024,12,Dec,Saturday
2024-12-22,Yellow,False,Yellow,2.0,False,1,10:27,10:27,Yellow,Yellow,2024,12,Dec,Sunday
2024-12-23,Yellow,False,Yellow,2.0,False,1,10:30,10:30,Yellow,Yellow,2024,12,Dec,Monday
2024-12-24,Yellow,False,Yellow,2.0,False,1,10:00,10:00,Yellow,Yellow,2024,12,Dec,Tuesday
2024-12-25,Yellow,False,Yellow,2.0,False,1,10:16,10:16,Yellow,Yellow,2024,12,Dec,Wednesday
2024-12-26,Yellow,False,Yellow,2.0,False,1,10:00,10:00,Yellow,Yellow,2024,12,Dec,Thursday
2024-12-27,Single Red,False,Single Red,3.0,False,1,09:59,09:59,Single Red,Single Red,2024,12,Dec,Friday
2024-12-28,Single Red,False,Single Red,3.0,False,1,09:59,09:59,Single Red,Single Red,2024,12,Dec,Saturday
2024-12-29,Single Red,False,Single Red,3.0,False,1,10:24,10:24,Single Red,Single Red,2024,12,Dec,Sunday
2024-12-30,Single Red,False,Single Red,3.0,False,1,10:07,10:07,Single Red,Single Red,2024,12,Dec,Monday
2024-12-31,Single Red,False,Single Red,3.0,False,1,10:10,10:10,Single Red,Single Red,2024,12,Dec,Tuesday
2025-01-01,Yellow,False,Yellow,2.0,False,1,09:59,09:59,Yellow,Yellow,2025,1,Jan,Wednesday
2025-01-02,Yellow,False,Yellow,2.0,False,1,10:00,10:00,Yellow,Yellow,2025,1,Jan,Thursday
2025-01-03,Yellow,False,Yellow,2.0,False,1,09:59,09:59,Yellow,Yellow,2025,1,Jan,Friday
2025-01-04,Yellow,False,Yellow,2.0,False,1,09:59,09:59,Yellow,Yellow,2025,1,Jan,Saturday
2025-01-05,Single Red,False,Single Red,3.0,False,1,10:06,10:06,Single Red,Single Red,2025,1,Jan,Sunday
2025-01-06,Double Red,False,Double Red,4.0,False,1,09:55,09:55,Double Red,Double Red,2025,1,Jan,Monday
2025-01-07,Single Red,False,Single Red,3.0,False,1,10:00,10:00,Single Red,Single Red,2025,1,Jan,Tuesday
2025-01-08,Yellow,False,Yellow,2.0,False,1,10:05,10:05,Yellow,Yellow,2025,1,Jan,Wednesday
2025-01-09,Yellow,False,Yellow,2.0,False,1,10:00,10:00,Yellow,Yellow,2025,1,Jan,Thursday
2025-01-10,Single Red,False,Single Red,3.0,False,1,10:01,10:01,Single Red,Single Red,2025,1,Jan,Friday
2025-01-11,Single Red,False,Single Red,3.0,False,1,10:00,10:00,Single Red,Single Red,2025,1,Jan,Saturday
2025-01-12,Yellow,False,Yellow,2.0,False,1,10:00,10:00,Yellow,Yellow,2025,1,Jan,Sunday
2025-01-13,Yellow,False,Yellow,2.0,False,1,10:00,10:00,Yellow,Yellow,2025,1,Jan,Monday
2025-01-14,Yellow,False,Yellow,2.0,False,1,10:03,10:03,Yellow,Yellow,2025,1,Jan,Tuesday
2025-01-15,Yellow,False,Yellow,2.0,False,1,09:59,09:59,Yellow,Yellow,2025,1,Jan,Wednesday
2025-01-16,Yellow,False,Yellow,2.0,False,1,10:00,10:00,Yellow,Yellow,2025,1,Jan,Thursday
2025-01-17,Yellow,False,Yellow,2.0,False,1,09:54,09:54,Yellow,Yellow,2025,1,Jan,Friday
2025-01-18,Single Red,False,Single Red,3.0,False,1,10:19,10:19,Single Red,Single Red,2025,1,Jan,Saturday
2025-01-19,Single Red,False,Single Red,3.0,False,1,10:00,10:00,Single Red,Single Red,2025,1,Jan,Sunday
2025-01-20,Yellow,False,Yellow,2.0,False,1,09:59,09:59,Yellow,Yellow,2025,1,Jan,Monday
2025-01-21,Yellow,False,Yellow,2.0,False,1,10:02,10:02,Yellow,Yellow,2025,1,Jan,Tuesday
2025-01-22,Yellow,False,Yellow,2.0,False,1,10:16,10:16,Yellow,Yellow,2025,1,Jan,Wednesday
2025-01-23,Yellow,False,Yellow,2.0,False,1,10:15,10:15,Yellow,Yellow,2025,1,Jan,Thursday
2025-01-24,Yellow,False,Yellow,2.0,False,1,10:19,10:19,Yellow,Yellow,2025,1,Jan,Friday
2025-01-25,Yellow,False,Yellow,2.0,False,1,10:16,10:16,Yellow,Yellow,2025,1,Jan,Saturday
2025-01-26,Yellow,False,Yellow,2.0,False,1,11:02,11:02,Yellow,Yellow,2025,1,Jan,Sunday
2025-01-27,Yellow,False,Yellow,2.0,False,1,10:00,10:00,Yellow,Yellow,2025,1,Jan,Monday
2025-01-28,Yellow,False,Yellow,2.0,False,1,10:00,10:00,Yellow,Yellow,2025,1,Jan,Tuesday
2025-01-29,Yellow,False,Yellow,2.0,False,1,10:15,10:15,Yellow,Yellow,2025,1,Jan,Wednesday
2025-01-30,Yellow,False,Yellow,2.0,False,1,11:11,11:11,Yellow,Yellow,2025,1,Jan,Thursday
2025-01-31,Single Red,False,Single Red,3.0,False,1,10:05,10:05,Single Red,Single Red,2025,1,Jan,Friday
2025-02-01,Single Red,False,Single Red,3.0,False,1,10:05,10:05,Single Red,Single Red,2025,2,Feb,Saturday
2025-02-02,Yellow,False,Yellow,2.0,False,1,10:00,10:00,Yellow,Yellow,2025,2,Feb,Sunday
2025-02-03,Yellow,False,Yellow,2.0,False,1,10:00,10:00,Yellow,Yellow,2025,2,Feb,Monday
2025-02-04,Yellow,False,Yellow,2.0,False,1,10:00,10:00,Yellow,Yellow,2025,2,Feb,Tuesday
2025-02-05,Yellow,False,Yellow,2.0,False,1,10:17,10:17,Yellow,Yellow,2025,2,Feb,Wednesday
2025-02-06,Yellow,False,Yellow,2.0,False,1,09:53,09:53,Yellow,Yellow,2025,2,Feb,Thursday
2025-02-07,Yellow,False,Yellow,2.0,False,1,10:44,10:44,Yellow,Yellow,2025,2,Feb,Friday
2025-02-08,Yellow,False,Yellow,2.0,False,1,10:09,10:09,Yellow,Yellow,2025,2,Feb,Saturday
2025-02-09,Yellow,False,Yellow,2.0,False,1,11:00,11:00,Yellow,Yellow,2025,2,Feb,Sunday
2025-02-10,Yellow,False,Yellow,2.0,False,1,10:01,10:01,Yellow,Yellow,2025,2,Feb,Monday
2025-02-11,Yellow,False,Yellow,2.0,False,1,09:59,09:59,Yellow,Yellow,2025,2,Feb,Tuesday
2025-02-12,Single Red,True,Single Red,3.0,True,2,10:14,10:34,Single Red + Purple,Single Red + Purple,2025,2,Feb,Wednesday
2025-02-13,Single Red,True,Single Red,3.0,True,1,10:16,10:16,Single Red + Purple,Single Red + Purple,2025,2,Feb,Thursday
2025-02-14,Yellow,True,Yellow,2.0,True,1,10:27,10:27,Yellow + Purple,Yellow + Purple,2025,2,Feb,Friday
2025-02-15,Single Red,True,Single Red,3.0,True,1,10:17,10:17,Single Red + Purple,Single Red + Purple,2025,2,Feb,Saturday
2025-02-16,Single Red,True,Single Red,3.0,True,1,10:16,10:16,Single Red + Purple,Single Red + Purple,2025,2,Feb,Sunday
2025-02-17,Yellow,False,Yellow,2.0,False,1,10:46,10:46,Yellow,Yellow,2025,2,Feb,Monday
2025-02-18,Yellow,False,Yellow,2.0,False,1,10:22,10:22,Yellow,Yellow,2025,2,Feb,Tuesday
2025-02-19,Yellow,False,Yellow,2.0,False,1,10:16,10:16,Yellow,Yellow,2025,2,Feb,Wednesday
2025-02-20,Yellow,False,Yellow,2.0,False,1,10:12,10:12,Yellow,Yellow,2025,2,Feb,Thursday
2025-02-21,Yellow,False,Yellow,2.0,False,1,10:15,10:15,Yellow,Yellow,2025,2,Feb,Friday
2025-02-22,Yellow,False,Yellow,2.0,False,1,10:07,10:07,Yellow,Yellow,2025,2,Feb,Saturday
2025-02-23,Yellow,False,Yellow,2.0,False,1,10:50,10:50,Yellow,Yellow,2025,2,Feb,Sunday
2025-02-24,Yellow,False,Yellow,2.0,False,1,10:00,10:00,Yellow,Yellow,2025,2,Feb,Monday
2025-02-25,Yellow,False,Yellow,2.0,False,1,10:00,10:00,Yellow,Yellow,2025,2,Feb,Tuesday
2025-02-26,Yellow,False,Yellow,2.0,False,1,10:17,10:17,Yellow,Yellow,2025,2,Feb,Wednesday
2025-02-27,Yellow,False,Yellow,2.0,False,1,10:15,10:15,Yellow,Yellow,2025,2,Feb,Thursday
2025-02-28,Yellow,False,Yellow,2.0,False,1,10:35,10:35,Yellow,Yellow,2025,2,Feb,Friday
2025-03-01,Yellow,False,Yellow,2.0,False,1,10:26,10:26,Yellow,Yellow,2025,3,Mar,Saturday
2025-03-02,Yellow,False,Yellow,2.0,False,1,10:00,10:00,Yellow,Yellow,2025,3,Mar,Sunday
2025-03-03,Yellow,False,Yellow,2.0,False,1,10:19,10:19,Yellow,Yellow,2025,3,Mar,Monday
2025-03-04,Single Red,False,Single Red,3.0,False,1,10:00,10:00,Single Red,Single Red,2025,3,Mar,Tuesday
2025-03-05,Double Red,False,Double Red,4.0,False,1,10:16,10:16,Double Red,Double Red,2025,3,Mar,Wednesday
2025-03-06,Single Red,False,Single Red,3.0,False,1,10:18,10:18,Single Red,Single Red,2025,3,Mar,Thursday
2025-03-08,Yellow,False,Yellow,2.0,False,1,10:02,10:02,Yellow,Yellow,2025,3,Mar,Saturday
2025-03-09,Yellow,False,Yellow,2.0,False,1,10:05,10:05,Yellow,Yellow,2025,3,Mar,Sunday
2025-03-10,Single Red,False,Single Red,3.0,False,1,10:01,10:01,Single Red,Single Red,2025,3,Mar,Monday
2025-03-11,Single Red,False,Single Red,3.0,False,1,10:00,10:00,Single Red,Single Red,2025,3,Mar,Tuesday
2025-03-12,Yellow,False,Yellow,2.0,False,1,10:03,10:03,Yellow,Yellow,2025,3,Mar,Wednesday
2025-03-13,Single Red,False,Single Red,3.0,False,1,10:20,10:20,Single Red,Single Red,2025,3,Mar,Thursday
2025-03-14,Single Red,False,Single Red,3.0,False,1,10:19,10:19,Single Red,Single Red,2025,3,Mar,Friday
2025-03-15,Double Red,False,Double Red,4.0,False,1,10:03,10:03,Double Red,Double Red,2025,3,Mar,Saturday
2025-03-16,Double Red,False,Double Red,4.0,False,1,10:00,10:00,Double Red,Double Red,2025,3,Mar,Sunday
2025-03-17,Double Red,False,Double Red,4.0,False,1,10:00,10:00,Double Red,Double Red,2025,3,Mar,Monday
2025-03-18,Single Red,False,Single Red,3.0,False,1,10:18,10:18,Single Red,Single Red,2025,3,Mar,Tuesday
2025-03-19,Yellow,False,Yellow,2.0,False,1,10:00,10:00,Yellow,Yellow,2025,3,Mar,Wednesday
2025-03-20,Double Red,False,Double Red,4.0,False,1,10:02,10:02,Double Red,Double Red,2025,3,Mar,Thursday
2025-03-21,Single Red,False,Single Red,3.0,False,1,11:01,11:01,Single Red,Single Red,2025,3,Mar,Friday
2025-03-22,Yellow,False,Yellow,2.0,False,1,09:58,09:58,Yellow,Yellow,2025,3,Mar,Saturday
2025-03-23,Yellow,False,Yellow,2.0,False,1,10:00,10:00,Yellow,Yellow,2025,3,Mar,Sunday
2025-03-24,Yellow,False,Yellow,2.0,False,1,10:07,10:07,Yellow,Yellow,2025,3,Mar,Monday
2025-03-25,Yellow,False,Yellow,2.0,False,1,10:00,10:00,Yellow,Yellow,2025,3,Mar,Tuesday
2025-03-26,Yellow,False,Yellow,2.0,False,1,11:49,11:49,Yellow,Yellow,2025,3,Mar,Wednesday
2025-03-27,Yellow,False,Yellow,2.0,False,1,10:40,10:40,Yellow,Yellow,2025,3,Mar,Thursday
2025-03-28,Single Red,False,Single Red,3.0,False,1,10:17,10:17,Single Red,Single Red,2025,3,Mar,Friday
2025-03-29,Double Red,False,Double Red,4.0,False,1,10:07,10:07,Double Red,Double Red,2025,3,Mar,Saturday
2025-03-30,Double Red,False,Double Red,4.0,False,1,10:01,10:01,Double Red,Double Red,2025,3,Mar,Sunday
2025-03-31,Single Red,False,Single Red,3.0,False,1,10:00,10:00,Single Red,Single Red,2025,3,Mar,Monday
2025-04-01,Single Red,False,Single Red,3.0,False,1,10:00,10:00,Single Red,Single Red,2025,4,Apr,Tuesday
2025-04-02,Single Red,False,Single Red,3.0,False,1,10:16,10:16,Single Red,Single Red,2025,4,Apr,Wednesday
2025-04-03,Double Red,False,Double Red,4.0,False,1,10:14,10:14,Double Red,Double Red,2025,4,Apr,Thursday
2025-04-04,Double Red,False,Double Red,4.0,False,1,10:07,10:07,Double Red,Double Red,2025,4,Apr,Friday
2025-04-05,Double Red,False,Double Red,4.0,False,1,10:19,10:19,Double Red,Double Red,2025,4,Apr,Saturday
2025-04-06,Double Red,False,Double Red,4.0,False,1,10:00,10:00,Double Red,Double Red,2025,4,Apr,Sunday
2025-04-07,Double Red,False,Double Red,4.0,False,1,10:00,10:00,Double Red,Double Red,2025,4,Apr,Monday
2025-04-08,Single Red,True,Single Red,3.0,True,1,10:11,10:11,Single Red + Purple,Single Red + Purple,2025,4,Apr,Tuesday
2025-04-09,Single Red,True,Single Red,3.0,True,1,10:00,10:00,Single Red + Purple,Single Red + Purple,2025,4,Apr,Wednesday
2025-04-10,Yellow,True,Yellow,2.0,True,1,09:57,09:57,Yellow + Purple,Yellow + Purple,2025,4,Apr,Thursday
2025-04-11,Yellow,True,Yellow,2.0,True,1,10:34,10:34,Yellow + Purple,Yellow + Purple,2025,4,Apr,Friday
2025-04-12,Yellow,True,Yellow,2.0,True,1,09:57,09:57,Yellow + Purple,Yellow + Purple,2025,4,Apr,Saturday
2025-04-13,Yellow,True,Yellow,2.0,True,1,10:08,10:08,Yellow + Purple,Yellow + Purple,2025,4,Apr,Sunday
2025-04-14,Yellow,False,Yellow,2.0,False,1,10:00,10:00,Yellow,Yellow,2025,4,Apr,Monday
2025-04-15,Single Red,False,Single Red,3.0,False,1,10:00,10:00,Single Red,Single Red,2025,4,Apr,Tuesday
2025-04-16,Yellow,False,Yellow,2.0,False,1,10:20,10:20,Yellow,Yellow,2025,4,Apr,Wednesday
2025-04-17,Yellow,False,Yellow,2.0,False,1,10:17,10:17,Yellow,Yellow,2025,4,Apr,Thursday
2025-04-18,Yellow,False,Yellow,2.0,False,1,10:05,10:05,Yellow,Yellow,2025,4,Apr,Friday
2025-04-19,Yellow,False,Yellow,2.0,False,1,10:49,10:49,Yellow,Yellow,2025,4,Apr,Saturday
2025-04-20,Single Red,False,Single Red,3.0,False,1,10:00,10:00,Single Red,Single Red,2025,4,Apr,Sunday
2025-04-21,Yellow,False,Yellow,2.0,False,1,10:02,10:02,Yellow,Yellow,2025,4,Apr,Monday
2025-04-22,Yellow,False,Yellow,2.0,False,1,10:03,10:03,Yellow,Yellow,2025,4,Apr,Tuesday
2025-04-23,Yellow,False,Yellow,2.0,False,1,10:00,10:00,Yellow,Yellow,2025,4,Apr,Wednesday
2025-04-24,Yellow,False,Yellow,2.0,False,1,10:11,10:11,Yellow,Yellow,2025,4,Apr,Thursday
2025-04-25,Yellow,False,Yellow,2.0,False,1,10:26,10:26,Yellow,Yellow,2025,4,Apr,Friday
2025-04-26,Yellow,False,Yellow,2.0,False,1,10:21,10:21,Yellow,Yellow,2025,4,Apr,Saturday
2025-04-27,Yellow,False,Yellow,2.0,False,1,10:00,10:00,Yellow,Yellow,2025,4,Apr,Sunday
2025-04-28,Yellow,False,Yellow,2.0,False,1,10:00,10:00,Yellow,Yellow,2025,4,Apr,Monday
2025-04-29,Yellow,False,Yellow,2.0,False,1,10:00,10:00,Yellow,Yellow,2025,4,Apr,Tuesday
2025-04-30,Single Red,False,Single Red,3.0,False,1,10:00,10:00,Single Red,Single Red,2025,4,Apr,Wednesday
2025-05-01,Single Red,False,Single Red,3.0,False,1,10:05,10:05,Single Red,Single Red,2025,5,May,Thursday
2025-05-02,Yellow,False,Yellow,2.0,False,1,10:13,10:13,Yellow,Yellow,2025,5,May,Friday
2025-05-03,Single Red,False,Single Red,3.0,False,1,09:58,09:58,Single Red,Single Red,2025,5,May,Saturday
2025-05-04,Yellow,False,Yellow,2.0,False,1,10:00,10:00,Yellow,Yellow,2025,5,May,Sunday
2025-05-05,Yellow,False,Yellow,2.0,False,1,10:02,10:02,Yellow,Yellow,2025,5,May,Monday
2025-05-06,Yellow,False,Yellow,2.0,False,1,10:00,10:00,Yellow,Yellow,2025,5,May,Tuesday
2025-05-07,Yellow,False,Yellow,2.0,False,1,10:02,10:02,Yellow,Yellow,2025,5,May,Wednesday
2025-05-08,Single Red,False,Single Red,3.0,False,2,10:16,16:10,Single Red,Single Red,2025,5,May,Thursday
2025-05-09,Yellow,False,Yellow,2.0,False,1,10:07,10:07,Yellow,Yellow,2025,5,May,Friday
2025-05-10,Double Red,False,Double Red,4.0,False,2,10:18,17:48,Double Red,Double Red,2025,5,May,Saturday
2025-05-11,Double Red,False,Double Red,4.0,False,1,10:01,10:01,Double Red,Double Red,2025,5,May,Sunday
2025-05-12,Double Red,False,Double Red,4.0,False,1,09:59,09:59,Double Red,Double Red,2025,5,May,Monday
2025-05-13,Double Red,False,Double Red,4.0,False,1,10:00,10:00,Double Red,Double Red,2025,5,May,Tuesday
2025-05-14,Double Red,False,Double Red,4.0,False,1,10:02,10:02,Double Red,Double Red,2025,5,May,Wednesday
2025-05-15,Double Red,False,Double Red,4.0,False,1,10:17,10:17,Double Red,Double Red,2025,5,May,Thursday
2025-05-16,Single Red,False,Single Red,3.0,False,1,10:09,10:09,Single Red,Single Red,2025,5,May,Friday
2025-05-17,Single Red,False,Single Red,3.0,False,1,09:53,09:53,Single Red,Single Red,2025,5,May,Saturday
2025-05-18,Yellow,False,Yellow,2.0,False,1,10:00,10:00,Yellow,Yellow,2025,5,May,Sunday
2025-05-20,Single Red,False,Single Red,3.0,False,1,10:07,10:07,Single Red,Single Red,2025,5,May,Tuesday
2025-05-21,Single Red,False,Single Red,3.0,False,1,10:00,10:00,Single Red,Single Red,2025,5,May,Wednesday
2025-05-22,Yellow,False,Yellow,2.0,False,1,10:19,10:19,Yellow,Yellow,2025,5,May,Thursday
2025-05-23,Yellow,False,Yellow,2.0,False,1,10:19,10:19,Yellow,Yellow,2025,5,May,Friday
2025-05-24,Yellow,False,Yellow,2.0,False,1,10:06,10:06,Yellow,Yellow,2025,5,May,Saturday
2025-05-25,Yellow,True,Yellow,2.0,True,2,10:00,11:21,Yellow + Purple,Yellow + Purple,2025,5,May,Sunday
2025-05-26,Yellow,True,Yellow,2.0,True,1,10:16,10:16,Yellow + Purple,Yellow + Purple,2025,5,May,Monday
2025-05-27,Yellow,True,Yellow,2.0,True,1,10:02,10:02,Yellow + Purple,Yellow + Purple,2025,5,May,Tuesday
2025-05-28,Yellow,False,Yellow,2.0,False,1,10:01,10:01,Yellow,Yellow,2025,5,May,Wednesday
2025-05-29,Yellow,False,Yellow,2.0,False,1,11:55,11:55,Yellow,Yellow,2025,5,May,Thursday
2025-05-30,Yellow,False,Yellow,2.0,False,1,10:03,10:03,Yellow,Yellow,2025,5,May,Friday
2025-05-31,Yellow,False,Yellow,2.0,False,1,10:02,10:02,Yellow,Yellow,2025,5,May,Saturday
2025-06-01,Yellow,False,Yellow,2.0,False,1,10:47,10:47,Yellow,Yellow,2025,6,Jun,Sunday
2025-06-02,Yellow,False,Yellow,2.0,False,1,10:00,10:00,Yellow,Yellow,2025,6,Jun,Monday
2025-06-03,Yellow,False,Yellow,2.0,False,1,10:00,10:00,Yellow,Yellow,2025,6,Jun,Tuesday
2025-06-04,Yellow,False,Yellow,2.0,False,1,10:00,10:00,Yellow,Yellow,2025,6,Jun,Wednesday
2025-06-05,Yellow,False,Yellow,2.0,False,1,10:03,10:03,Yellow,Yellow,2025,6,Jun,Thursday
2025-06-06,Single Red,False,Single Red,3.0,False,1,11:30,11:30,Single Red,Single Red,2025,6,Jun,Friday
2025-06-07,Double Red,False,Double Red,4.0,False,1,10:02,10:02,Double Red,Double Red,2025,6,Jun,Saturday
2025-06-08,Single Red,False,Double Red,4.0,False,2,10:00,13:38,Single Red,Double Red,2025,6,Jun,Sunday
2025-06-09,Single Red,False,Single Red,3.0,False,1,10:01,10:01,Single Red,Single Red,2025,6,Jun,Monday
2025-06-10,Yellow,False,Yellow,2.0,False,1,10:01,10:01,Yellow,Yellow,2025,6,Jun,Tuesday
2025-06-11,Yellow,False,Yellow,2.0,False,1,10:01,10:01,Yellow,Yellow,2025,6,Jun,Wednesday
2025-06-12,Yellow,False,Yellow,2.0,False,1,10:01,10:01,Yellow,Yellow,2025,6,Jun,Thursday
2025-06-13,Yellow,False,Yellow,2.0,False,1,10:01,10:01,Yellow,Yellow,2025,6,Jun,Friday
2025-06-14,Yellow,False,Yellow,2.0,False,1,10:08,10:08,Yellow,Yellow,2025,6,Jun,Saturday
2025-06-15,Yellow,False,Yellow,2.0,False,1,10:00,10:00,Yellow,Yellow,2025,6,Jun,Sunday
2025-06-16,Yellow,False,Yellow,2.0,False,1,10:00,10:00,Yellow,Yellow,2025,6,Jun,Monday
2025-06-17,Single Red,False,Single Red,3.0,False,1,10:00,10:00,Single Red,Single Red,2025,6,Jun,Tuesday
2025-06-18,Single Red,False,Single Red,3.0,False,1,10:01,10:01,Single Red,Single Red,2025,6,Jun,Wednesday
2025-06-19,Single Red,False,Single Red,3.0,False,1,10:01,10:01,Single Red,Single Red,2025,6,Jun,Thursday
2025-06-20,Single Red,False,Single Red,3.0,False,1,10:09,10:09,Single Red,Single Red,2025,6,Jun,Friday
2025-06-21,Yellow,False,Yellow,2.0,False,1,11:01,11:01,Yellow,Yellow,2025,6,Jun,Saturday
2025-06-22,Yellow,False,Yellow,2.0,False,1,10:00,10:00,Yellow,Yellow,2025,6,Jun,Sunday
2025-06-23,Yellow,False,Yellow,2.0,False,1,10:00,10:00,Yellow,Yellow,2025,6,Jun,Monday
2025-06-24,Yellow,False,Yellow,2.0,False,1,10:18,10:18,Yellow,Yellow,2025,6,Jun,Tuesday
2025-06-25,Yellow,False,Yellow,2.0,False,1,09:59,09:59,Yellow,Yellow,2025,6,Jun,Wednesday
2025-06-26,Yellow,False,Yellow,2.0,False,1,10:01,10:01,Yellow,Yellow,2025,6,Jun,Thursday
2025-06-27,Yellow,False,Yellow,2.0,False,1,10:01,10:01,Yellow,Yellow,2025,6,Jun,Friday
2025-06-28,Yellow,False,Yellow,2.0,False,1,13:36,13:36,Yellow,Yellow,2025,6,Jun,Saturday
2025-06-29,Yellow,False,Yellow,2.0,False,1,10:01,10:01,Yellow,Yellow,2025,6,Jun,Sunday
2025-06-30,Yellow,False,Yellow,2.0,False,1,10:00,10:00,Yellow,Yellow,2025,6,Jun,Monday
2025-07-01,Yellow,False,Yellow,2.0,False,1,10:04,10:04,Yellow,Yellow,2025,7,Jul,Tuesday
2025-07-02,Yellow,False,Yellow,2.0,False,1,10:02,10:02,Yellow,Yellow,2025,7,Jul,Wednesday
2025-07-04,Yellow,False,Yellow,2.0,False,1,10:07,10:07,Yellow,Yellow,2025,7,Jul,Friday
2025-07-05,Yellow,False,Yellow,2.0,False,1,10:38,10:38,Yellow,Yellow,2025,7,Jul,Saturday
2025-07-06,Yellow,False,Yellow,2.0,False,1,10:00,10:00,Yellow,Yellow,2025,7,Jul,Sunday
2025-07-07,Yellow,False,Yellow,2.0,False,1,10:00,10:00,Yellow,Yellow,2025,7,Jul,Monday
2025-07-08,Yellow,True,Yellow,2.0,True,1,10:00,10:00,Yellow + Purple,Yellow + Purple,2025,7,Jul,Tuesday
2025-07-09,Yellow,True,Yellow,2.0,True,1,10:12,10:12,Yellow + Purple,Yellow + Purple,2025,7,Jul,Wednesday
2025-07-10,Yellow,True,Yellow,2.0,True,1,10:02,10:02,Yellow + Purple,Yellow + Purple,2025,7,Jul,Thursday
2025-07-11,Yellow,True,Yellow,2.0,True,1,10:23,10:23,Yellow + Purple,Yellow + Purple,2025,7,Jul,Friday
2025-07-12,Yellow,True,Yellow,2.0,True,1,10:02,10:02,Yellow + Purple,Yellow + Purple,2025,7,Jul,Saturday
2025-07-13,Yellow,True,Yellow,2.0,True,1,10:00,10:00,Yellow + Purple,Yellow + Purple,2025,7,Jul,Sunday
2025-07-14,Yellow,False,Yellow,2.0,False,1,10:07,10:07,Yellow,Yellow,2025,7,Jul,Monday
2025-07-15,Yellow,False,Yellow,2.0,False,1,10:01,10:01,Yellow,Yellow,2025,7,Jul,Tuesday
2025-07-16,Yellow,False,Yellow,2.0,False,1,10:03,10:03,Yellow,Yellow,2025,7,Jul,Wednesday
2025-07-17,Single Red,False,Single Red,3.0,False,1,10:03,10:03,Single Red,Single Red,2025,7,Jul,Thursday
2025-07-18,Single Red,False,Single Red,3.0,False,1,10:02,10:02,Single Red,Single Red,2025,7,Jul,Friday
2025-07-19,Yellow,False,Yellow,2.0,False,1,10:00,10:00,Yellow,Yellow,2025,7,Jul,Saturday
2025-07-20,Yellow,False,Yellow,2.0,False,1,10:00,10:00,Yellow,Yellow,2025,7,Jul,Sunday
2025-07-21,Yellow,False,Yellow,2.0,False,1,10:07,10:07,Yellow,Yellow,2025,7,Jul,Monday
2025-07-22,Yellow,False,Yellow,2.0,False,1,10:42,10:42,Yellow,Yellow,2025,7,Jul,Tuesday
2025-07-23,Yellow,False,Yellow,2.0,False,1,09:59,09:59,Yellow,Yellow,2025,7,Jul,Wednesday
2025-07-24,Yellow,False,Yellow,2.0,False,1,10:34,10:34,Yellow,Yellow,2025,7,Jul,Thursday
2025-07-25,Yellow,False,Yellow,2.0,False,2,10:13,10:14,Yellow,Yellow,2025,7,Jul,Friday
2025-07-26,Yellow,False,Yellow,2.0,False,1,11:30,11:30,Yellow,Yellow,2025,7,Jul,Saturday
2025-07-27,Yellow,False,Yellow,2.0,False,1,10:03,10:03,Yellow,Yellow,2025,7,Jul,Sunday
2025-07-28,Yellow,False,Yellow,2.0,False,1,10:01,10:01,Yellow,Yellow,2025,7,Jul,Monday
2025-07-29,Yellow,False,Yellow,2.0,False,1,10:13,10:13,Yellow,Yellow,2025,7,Jul,Tuesday
2025-07-30,Yellow,False,Yellow,2.0,False,1,10:00,10:00,Yellow,Yellow,2025,7,Jul,Wednesday
2025-07-31,Yellow,False,Yellow,2.0,False,1,10:06,10:06,Yellow,Yellow,2025,7,Jul,Thursday
2025-08-01,Yellow,False,Yellow,2.0,False,1,10:02,10:02,Yellow,Yellow,2025,8,Aug,Friday
2025-08-02,Yellow,False,Yellow,2.0,False,1,10:10,10:10,Yellow,Yellow,2025,8,Aug,Saturday
2025-08-03,Yellow,False,Yellow,2.0,False,1,10:01,10:01,Yellow,Yellow,2025,8,Aug,Sunday
2025-08-04,Yellow,False,Yellow,2.0,False,1,10:01,10:01,Yellow,Yellow,2025,8,Aug,Monday
2025-08-05,Yellow,False,Yellow,2.0,False,1,10:00,10:00,Yellow,Yellow,2025,8,Aug,Tuesday
2025-08-06,Yellow,False,Yellow,2.0,False,1,10:00,10:00,Yellow,Yellow,2025,8,Aug,Wednesday
2025-08-07,Yellow,False,Yellow,2.0,False,1,10:00,10:00,Yellow,Yellow,2025,8,Aug,Thursday
2025-08-08,Yellow,False,Yellow,2.0,False,1,10:00,10:00,Yellow,Yellow,2025,8,Aug,Friday
2025-08-09,Yellow,False,Yellow,2.0,False,1,10:04,10:04,Yellow,Yellow,2025,8,Aug,Saturday
2025-08-10,Yellow,False,Yellow,2.0,False,1,10:00,10:00,Yellow,Yellow,2025,8,Aug,Sunday
2025-08-11,Yellow,False,Yellow,2.0,False,1,10:01,10:01,Yellow,Yellow,2025,8,Aug,Monday
2025-08-12,Single Red,False,Single Red,3.0,False,1,10:00,10:00,Single Red,Single Red,2025,8,Aug,Tuesday
2025-08-13,Single Red,False,Single Red,3.0,False,1,09:58,09:58,Single Red,Single Red,2025,8,Aug,Wednesday
2025-08-14,Single Red,False,Single Red,3.0,False,1,10:06,10:06,Single Red,Single Red,2025,8,Aug,Thursday
2025-08-15,Yellow,False,Yellow,2.0,False,1,11:53,11:53,Yellow,Yellow,2025,8,Aug,Friday
2025-08-16,Yellow,False,Yellow,2.0,False,1,10:00,10:00,Yellow,Yellow,2025,8,Aug,Saturday
2025-08-17,Yellow,False,Yellow,2.0,False,1,10:01,10:01,Yellow,Yellow,2025,8,Aug,Sunday
2025-08-18,Yellow,False,Yellow,2.0,False,1,10:00,10:00,Yellow,Yellow,2025,8,Aug,Monday
2025-08-19,Yellow,False,Yellow,2.0,False,1,10:00,10:00,Yellow,Yellow,2025,8,Aug,Tuesday
2025-08-20,Yellow,False,Yellow,2.0,False,1,10:44,10:44,Yellow,Yellow,2025,8,Aug,Wednesday
2025-08-22,Yellow,False,Yellow,2.0,False,1,10:09,10:09,Yellow,Yellow,2025,8,Aug,Friday
2025-08-23,Single Red,False,Single Red,3.0,False,1,10:02,10:02,Single Red,Single Red,2025,8,Aug,Saturday
2025-08-24,Yellow,False,Yellow,2.0,False,1,10:03,10:03,Yellow,Yellow,2025,8,Aug,Sunday
2025-08-26,Yellow,False,Yellow,2.0,False,1,10:00,10:00,Yellow,Yellow,2025,8,Aug,Tuesday
2025-08-27,Yellow,False,Yellow,2.0,False,1,09:59,09:59,Yellow,Yellow,2025,8,Aug,Wednesday
2025-08-28,Yellow,False,Yellow,2.0,False,1,10:01,10:01,Yellow,Yellow,2025,8,Aug,Thursday
2025-08-29,Yellow,False,Yellow,2.0,False,1,10:55,10:55,Yellow,Yellow,2025,8,Aug,Friday
2025-08-30,Yellow,False,Yellow,2.0,False,2,10:18,10:42,Yellow,Yellow,2025,8,Aug,Saturday
2025-08-31,Yellow,False,Yellow,2.0,False,1,10:00,10:00,Yellow,Yellow,2025,8,Aug,Sunday
2025-09-01,Yellow,False,Yellow,2.0,False,1,10:00,10:00,Yellow,Yellow,2025,9,Sep,Monday
2025-09-02,Yellow,False,Yellow,2.0,False,1,10:00,10:00,Yellow,Yellow,2025,9,Sep,Tuesday
2025-09-03,Yellow,False,Yellow,2.0,False,1,10:08,10:08,Yellow,Yellow,2025,9,Sep,Wednesday
2025-09-04,Yellow,False,Yellow,2.0,False,1,09:58,09:58,Yellow,Yellow,2025,9,Sep,Thursday
2025-09-05,Yellow,False,Yellow,2.0,False,1,10:01,10:01,Yellow,Yellow,2025,9,Sep,Friday
2025-09-06,Yellow,False,Yellow,2.0,False,1,10:03,10:03,Yellow,Yellow,2025,9,Sep,Saturday
2025-09-07,Yellow,False,Yellow,2.0,False,1,10:03,10:03,Yellow,Yellow,2025,9,Sep,Sunday
2025-09-08,Yellow,False,Yellow,2.0,False,1,10:03,10:03,Yellow,Yellow,2025,9,Sep,Monday
2025-09-09,Yellow,False,Yellow,2.0,False,1,10:11,10:11,Yellow,Yellow,2025,9,Sep,Tuesday
2025-09-10,Yellow,False,Yellow,2.0,False,1,10:06,10:06,Yellow,Yellow,2025,9,Sep,Wednesday
2025-09-11,Yellow,False,Yellow,2.0,False,1,10:08,10:08,Yellow,Yellow,2025,9,Sep,Thursday
2025-09-12,Yellow,False,Yellow,2.0,False,1,09:59,09:59,Yellow,Yellow,2025,9,Sep,Friday
2025-09-13,Yellow,False,Yellow,2.0,False,1,10:09,10:09,Yellow,Yellow,2025,9,Sep,Saturday
2025-09-14,Yellow,False,Yellow,2.0,False,1,11:38,11:38,Yellow,Yellow,2025,9,Sep,Sunday
2025-09-15,Yellow,False,Yellow,2.0,False,1,10:08,10:08,Yellow,Yellow,2025,9,Sep,Monday
2025-09-16,Yellow,False,Yellow,2.0,False,1,10:01,10:01,Yellow,Yellow,2025,9,Sep,Tuesday
2025-09-17,Yellow,False,Yellow,2.0,False,1,10:37,10:37,Yellow,Yellow,2025,9,Sep,Wednesday
2025-09-18,Yellow,False,Yellow,2.0,False,1,09:59,09:59,Yellow,Yellow,2025,9,Sep,Thursday
2025-09-19,Yellow,False,Yellow,2.0,False,1,10:05,10:05,Yellow,Yellow,2025,9,Sep,Friday
2025-09-20,Yellow,False,Yellow,2.0,False,1,09:56,09:56,Yellow,Yellow,2025,9,Sep,Saturday
2025-09-21,Yellow,False,Yellow,2.0,False,1,10:04,10:04,Yellow,Yellow,2025,9,Sep,Sunday
2025-09-22,Yellow,False,Yellow,2.0,False,1,10:01,10:01,Yellow,Yellow,2025,9,Sep,Monday
2025-09-23,Yellow,False,Yellow,2.0,False,1,10:00,10:00,Yellow,Yellow,2025,9,Sep,Tuesday
2025-09-24,Yellow,False,Yellow,2.0,False,1,10:15,10:15,Yellow,Yellow,2025,9,Sep,Wednesday
2025-09-25,Yellow,False,Yellow,2.0,False,1,10:03,10:03,Yellow,Yellow,2025,9,Sep,Thursday
2025-09-26,Yellow,False,Yellow,2.0,False,1,10:01,10:01,Yellow,Yellow,2025,9,Sep,Friday
2025-09-28,Yellow,False,Yellow,2.0,False,1,10:10,10:10,Yellow,Yellow,2025,9,Sep,Sunday
2025-09-29,Yellow,False,Yellow,2.0,False,1,10:00,10:00,Yellow,Yellow,2025,9,Sep,Monday
2025-09-30,Yellow,False,Yellow,2.0,False,1,10:01,10:01,Yellow,Yellow,2025,9,Sep,Tuesday
2025-10-01,Yellow,False,Yellow,2.0,False,1,10:01,10:01,Yellow,Yellow,2025,10,Oct,Wednesday
2025-10-02,Yellow,False,Yellow,2.0,False,1,09:58,09:58,Yellow,Yellow,2025,10,Oct,Thursday
2025-10-03,Yellow,False,Yellow,2.0,False,1,09:59,09:59,Yellow,Yellow,2025,10,Oct,Friday
2025-10-05,Yellow,False,Yellow,2.0,False,1,10:00,10:00,Yellow,Yellow,2025,10,Oct,Sunday
2025-10-06,Yellow,False,Yellow,2.0,False,1,10:00,10:00,Yellow,Yellow,2025,10,Oct,Monday
2025-10-07,Yellow,False,Yellow,2.0,False,1,10:01,10:01,Yellow,Yellow,2025,10,Oct,Tuesday
2025-10-08,Yellow,False,Yellow,2.0,False,1,09:58,09:58,Yellow,Yellow,2025,10,Oct,Wednesday
2025-10-10,Yellow,False,Yellow,2.0,False,1,10:01,10:01,Yellow,Yellow,2025,10,Oct,Friday
2025-10-11,Yellow,False,Yellow,2.0,False,1,10:06,10:06,Yellow,Yellow,2025,10,Oct,Saturday
2025-10-12,Yellow,False,Yellow,2.0,False,1,10:00,10:00,Yellow,Yellow,2025,10,Oct,Sunday
2025-10-13,Yellow,False,Yellow,2.0,False,1,10:00,10:00,Yellow,Yellow,2025,10,Oct,Monday
2025-10-14,Yellow,False,Yellow,2.0,False,1,10:00,10:00,Yellow,Yellow,2025,10,Oct,Tuesday
2025-10-15,Yellow,False,Yellow,2.0,False,1,10:06,10:06,Yellow,Yellow,2025,10,Oct,Wednesday
2025-10-16,Yellow,False,Yellow,2.0,False,1,09:59,09:59,Yellow,Yellow,2025,10,Oct,Thursday
2025-10-17,Yellow,False,Yellow,2.0,False,1,10:01,10:01,Yellow,Yellow,2025,10,Oct,Friday
2025-10-18,Single Red,False,Single Red,3.0,False,1,10:01,10:01,Single Red,Single Red,2025,10,Oct,Saturday
2025-10-19,Single Red,False,Single Red,3.0,False,2,09:59,10:03,Single Red,Single Red,2025,10,Oct,Sunday
2025-10-20,Yellow,False,Yellow,2.0,False,1,09:32,09:32,Yellow,Yellow,2025,10,Oct,Monday
2025-10-22,Yellow,False,Yellow,2.0,False,1,10:19,10:19,Yellow,Yellow,2025,10,Oct,Wednesday
2025-10-23,Yellow,False,Yellow,2.0,False,1,10:00,10:00,Yellow,Yellow,2025,10,Oct,Thursday
2025-10-24,Yellow,False,Yellow,2.0,False,1,10:17,10:17,Yellow,Yellow,2025,10,Oct,Friday
2025-10-25,Yellow,False,Yellow,2.0,False,1,09:59,09:59,Yellow,Yellow,2025,10,Oct,Saturday
2025-10-26,Single Red,False,Single Red,3.0,False,1,10:10,10:10,Single Red,Single Red,2025,10,Oct,Sunday
2025-10-27,Single Red,False,Single Red,3.0,False,1,10:01,10:01,Single Red,Single Red,2025,10,Oct,Monday
2025-10-28,Yellow,False,Yellow,2.0,False,1,10:01,10:01,Yellow,Yellow,2025,10,Oct,Tuesday
2025-10-29,Single Red,False,Single Red,3.0,False,1,10:05,10:05,Single Red,Single Red,2025,10,Oct,Wednesday
2025-10-30,Single Red,False,Single Red,3.0,False,1,09:59,09:59,Single Red,Single Red,2025,10,Oct,Thursday
2025-10-31,Single Red,False,Single Red,3.0,False,1,09:59,09:59,Single Red,Single Red,2025,10,Oct,Friday
2025-11-01,Yellow,False,Yellow,2.0,True,2,10:03,10:06,Yellow,Yellow + Purple,2025,11,Nov,Saturday
2025-11-02,Yellow,False,Yellow,2.0,False,1,10:00,10:00,Yellow,Yellow,2025,11,Nov,Sunday
2025-11-03,Yellow,False,Yellow,2.0,False,1,10:20,10:20,Yellow,Yellow,2025,11,Nov,Monday
2025-11-04,Yellow,False,Yellow,2.0,False,1,10:21,10:21,Yellow,Yellow,2025,11,Nov,Tuesday
2025-11-05,Yellow,False,Yellow,2.0,False,1,10:00,10:00,Yellow,Yellow,2025,11,Nov,Wednesday
2025-11-06,Yellow,False,Yellow,2.0,False,1,10:25,10:25,Yellow,Yellow,2025,11,Nov,Thursday
2025-11-07,Yellow,False,Yellow,2.0,False,1,10:01,10:01,Yellow,Yellow,2025,11,Nov,Friday
2025-11-08,Yellow,False,Yellow,2.0,False,1,10:00,10:00,Yellow,Yellow,2025,11,Nov,Saturday
2025-11-09,Yellow,False,Yellow,2.0,False,1,10:00,10:00,Yellow,Yellow,2025,11,Nov,Sunday
2025-11-10,Yellow,False,Yellow,2.0,False,1,10:00,10:00,Yellow,Yellow,2025,11,Nov,Monday
2025-11-11,Yellow,False,Yellow,2.0,False,1,10:41,10:41,Yellow,Yellow,2025,11,Nov,Tuesday
2025-11-12,Yellow,False,Yellow,2.0,False,1,10:01,10:01,Yellow,Yellow,2025,11,Nov,Wednesday
2025-11-13,Yellow,False,Yellow,2.0,False,1,10:32,10:32,Yellow,Yellow,2025,11,Nov,Thursday
2025-11-14,Yellow,False,Yellow,2.0,False,1,10:00,10:00,Yellow,Yellow,2025,11,Nov,Friday
2025-11-15,Yellow,False,Yellow,2.0,False,1,10:06,10:06,Yellow,Yellow,2025,11,Nov,Saturday
2025-11-16,Single Red,False,Single Red,3.0,False,1,10:00,10:00,Single Red,Single Red,2025,11,Nov,Sunday
2025-11-17,Yellow,False,Yellow,2.0,False,1,10:00,10:00,Yellow,Yellow,2025,11,Nov,Monday
2025-11-18,Yellow,False,Yellow,2.0,False,1,10:00,10:00,Yellow,Yellow,2025,11,Nov,Tuesday
2025-11-19,Yellow,False,Yellow,2.0,False,1,09:58,09:58,Yellow,Yellow,2025,11,Nov,Wednesday
2025-11-20,Yellow,False,Yellow,2.0,False,1,10:31,10:31,Yellow,Yellow,2025,11,Nov,Thursday
2025-11-21,Yellow,False,Yellow,2.0,False,1,11:02,11:02,Yellow,Yellow,2025,11,Nov,Friday
2025-11-23,Yellow,False,Yellow,2.0,False,1,10:00,10:00,Yellow,Yellow,2025,11,Nov,Sunday
2025-11-24,Yellow,False,Yellow,2.0,False,1,10:01,10:01,Yellow,Yellow,2025,11,Nov,Monday
2025-11-25,Yellow,False,Yellow,2.0,False,1,10:00,10:00,Yellow,Yellow,2025,11,Nov,Tuesday
2025-11-26,Yellow,False,Yellow,2.0,False,1,10:00,10:00,Yellow,Yellow,2025,11,Nov,Wednesday
2025-11-27,Yellow,False,Yellow,2.0,False,1,10:00,10:00,Yellow,Yellow,2025,11,Nov,Thursday
2025-11-28,Yellow,False,Yellow,2.0,False,1,10:05,10:05,Yellow,Yellow,2025,11,Nov,Friday
2025-11-29,Yellow,False,Yellow,2.0,False,1,10:32,10:32,Yellow,Yellow,2025,11,Nov,Saturday
2025-11-30,Yellow,False,Yellow,2.0,False,1,10:17,10:17,Yellow,Yellow,2025,11,Nov,Sunday
2025-12-01,Yellow,False,Yellow,2.0,False,1,10:00,10:00,Yellow,Yellow,2025,12,Dec,Monday
2025-12-02,Yellow,False,Yellow,2.0,False,1,10:00,10:00,Yellow,Yellow,2025,12,Dec,Tuesday
2025-12-03,Yellow,False,Yellow,2.0,False,1,10:00,10:00,Yellow,Yellow,2025,12,Dec,Wednesday
2025-12-04,Yellow,False,Yellow,2.0,False,1,10:00,10:00,Yellow,Yellow,2025,12,Dec,Thursday
2025-12-05,Single Red,False,Single Red,3.0,False,1,10:14,10:14,Single Red,Single Red,2025,12,Dec,Friday
2025-12-06,Yellow,False,Yellow,2.0,False,1,10:09,10:09,Yellow,Yellow,2025,12,Dec,Saturday
2025-12-07,Yellow,False,Yellow,2.0,False,1,10:15,10:15,Yellow,Yellow,2025,12,Dec,Sunday
2025-12-08,Yellow,False,Yellow,2.0,False,1,10:00,10:00,Yellow,Yellow,2025,12,Dec,Monday
2025-12-09,Yellow,False,Yellow,2.0,False,1,10:00,10:00,Yellow,Yellow,2025,12,Dec,Tuesday
2025-12-10,Yellow,False,Yellow,2.0,False,1,10:01,10:01,Yellow,Yellow,2025,12,Dec,Wednesday
2025-12-11,Yellow,False,Yellow,2.0,False,1,09:59,09:59,Yellow,Yellow,2025,12,Dec,Thursday
2025-12-13,Yellow,False,Yellow,2.0,False,1,10:18,10:18,Yellow,Yellow,2025,12,Dec,Saturday
2025-12-14,Yellow,False,Yellow,2.0,False,1,10:00,10:00,Yellow,Yellow,2025,12,Dec,Sunday
2025-12-15,Yellow,False,Yellow,2.0,False,1,10:00,10:00,Yellow,Yellow,2025,12,Dec,Monday
2025-12-16,Yellow,False,Yellow,2.0,False,1,10:31,10:31,Yellow,Yellow,2025,12,Dec,Tuesday
2025-12-17,Yellow,False,Yellow,2.0,False,1,09:59,09:59,Yellow,Yellow,2025,12,Dec,Wednesday
2025-12-18,Single Red,False,Single Red,3.0,False,1,10:54,10:54,Single Red,Single Red,2025,12,Dec,Thursday
2025-12-19,Single Red,False,Single Red,3.0,False,1,10:07,10:07,Single Red,Single Red,2025,12,Dec,Friday
2025-12-20,Yellow,False,Yellow,2.0,False,1,09:58,09:58,Yellow,Yellow,2025,12,Dec,Saturday
2025-12-21,Yellow,False,Yellow,2.0,False,1,10:47,10:47,Yellow,Yellow,2025,12,Dec,Sunday
2025-12-22,Yellow,False,Yellow,2.0,False,1,11:31,11:31,Yellow,Yellow,2025,12,Dec,Monday
2025-12-23,Yellow,False,Yellow,2.0,False,1,10:00,10:00,Yellow,Yellow,2025,12,Dec,Tuesday
2025-12-24,Yellow,False,Yellow,2.0,False,1,10:39,10:39,Yellow,Yellow,2025,12,Dec,Wednesday
2025-12-25,Yellow,False,Yellow,2.0,False,1,12:16,12:16,Yellow,Yellow,2025,12,Dec,Thursday
2025-12-26,Yellow,False,Yellow,2.0,False,1,09:46,09:46,Yellow,Yellow,2025,12,Dec,Friday
2025-12-27,Yellow,False,Yellow,2.0,False,1,10:04,10:04,Yellow,Yellow,2025,12,Dec,Saturday
2025-12-28,Yellow,False,Yellow,2.0,False,1,10:00,10:00,Yellow,Yellow,2025,12,Dec,Sunday
2025-12-29,Yellow,False,Yellow,2.0,False,1,10:00,10:00,Yellow,Yellow,2025,12,Dec,Monday
2025-12-30,Yellow,False,Yellow,2.0,False,1,10:00,10:00,Yellow,Yellow,2025,12,Dec,Tuesday
2026-01-01,Yellow,False,Yellow,2.0,False,1,10:19,10:19,Yellow,Yellow,2026,1,Jan,Thursday
2026-01-02,Single Red,False,Single Red,3.0,False,2,09:59,17:39,Single Red,Single Red,2026,1,Jan,Friday
2026-01-03,Single Red,False,Single Red,3.0,False,1,10:03,10:03,Single Red,Single Red,2026,1,Jan,Saturday
2026-01-04,Single Red,False,Single Red,3.0,False,1,10:21,10:21,Single Red,Single Red,2026,1,Jan,Sunday
2026-01-05,Yellow,False,Yellow,2.0,False,1,10:04,10:04,Yellow,Yellow,2026,1,Jan,Monday
2026-01-06,Yellow,False,Yellow,2.0,False,1,10:18,10:18,Yellow,Yellow,2026,1,Jan,Tuesday
2026-01-07,Yellow,False,Yellow,2.0,False,1,10:19,10:19,Yellow,Yellow,2026,1,Jan,Wednesday
2026-01-08,Yellow,False,Yellow,2.0,False,1,10:17,10:17,Yellow,Yellow,2026,1,Jan,Thursday
2026-01-09,Single Red,False,Single Red,3.0,False,2,10:09,15:06,Single Red,Single Red,2026,1,Jan,Friday
2026-01-10,Single Red,False,Single Red,3.0,False,1,10:09,10:09,Single Red,Single Red,2026,1,Jan,Saturday
2026-01-12,Yellow,False,Yellow,2.0,False,1,11:16,11:16,Yellow,Yellow,2026,1,Jan,Monday
2026-01-13,Yellow,False,Yellow,2.0,False,1,10:00,10:00,Yellow,Yellow,2026,1,Jan,Tuesday
2026-01-14,Yellow,False,Yellow,2.0,False,1,10:00,10:00,Yellow,Yellow,2026,1,Jan,Wednesday
2026-01-15,Yellow,False,Yellow,2.0,False,1,10:34,10:34,Yellow,Yellow,2026,1,Jan,Thursday
2026-01-16,Yellow,False,Yellow,2.0,False,1,10:00,10:00,Yellow,Yellow,2026,1,Jan,Friday
2026-01-17,Yellow,False,Yellow,2.0,False,1,10:02,10:02,Yellow,Yellow,2026,1,Jan,Saturday
2026-01-18,Yellow,False,Yellow,2.0,False,1,10:47,10:47,Yellow,Yellow,2026,1,Jan,Sunday
2026-01-19,Yellow,False,Yellow,2.0,False,1,10:02,10:02,Yellow,Yellow,2026,1,Jan,Monday
2026-01-20,Yellow,False,Yellow,2.0,False,1,10:00,10:00,Yellow,Yellow,2026,1,Jan,Tuesday
2026-01-21,Yellow,False,Yellow,2.0,False,1,10:00,10:00,Yellow,Yellow,2026,1,Jan,Wednesday
2026-01-22,Yellow,False,Yellow,2.0,False,1,09:59,09:59,Yellow,Yellow,2026,1,Jan,Thursday
2026-01-23,Yellow,False,Yellow,2.0,False,1,10:04,10:04,Yellow,Yellow,2026,1,Jan,Friday
2026-01-24,Yellow,False,Yellow,2.0,False,1,10:00,10:00,Yellow,Yellow,2026,1,Jan,Saturday
2026-01-25,Double Red,False,Double Red,4.0,False,1,10:01,10:01,Double Red,Double Red,2026,1,Jan,Sunday
2026-01-26,Double Red,False,Double Red,4.0,False,1,10:00,10:00,Double Red,Double Red,2026,1,Jan,Monday
2026-01-28,Yellow,False,Yellow,2.0,False,1,09:58,09:58,Yellow,Yellow,2026,1,Jan,Wednesday
2026-01-30,Yellow,False,Yellow,2.0,False,1,11:03,11:03,Yellow,Yellow,2026,1,Jan,Friday
2026-01-31,Single Red,False,Single Red,3.0,False,2,09:59,11:27,Single Red,Single Red,2026,1,Jan,Saturday
2026-02-01,Single Red,False,Single Red,3.0,False,1,10:00,10:00,Single Red,Single Red,2026,2,Feb,Sunday
2026-02-02,Yellow,False,Yellow,2.0,False,1,10:00,10:00,Yellow,Yellow,2026,2,Feb,Monday
2026-02-03,Yellow,False,Yellow,2.0,False,1,10:01,10:01,Yellow,Yellow,2026,2,Feb,Tuesday
2026-02-04,Single Red,False,Single Red,3.0,False,1,10:00,10:00,Single Red,Single Red,2026,2,Feb,Wednesday
2026-02-06,Single Red,False,Single Red,3.0,False,1,10:04,10:04,Single Red,Single Red,2026,2,Feb,Friday
2026-02-07,Single Red,False,Single Red,3.0,False,1,10:00,10:00,Single Red,Single Red,2026,2,Feb,Saturday
2026-02-08,Yellow,False,Yellow,2.0,False,1,10:00,10:00,Yellow,Yellow,2026,2,Feb,Sunday
2026-02-09,Yellow,False,Yellow,2.0,False,1,10:00,10:00,Yellow,Yellow,2026,2,Feb,Monday
2026-02-10,Yellow,False,Yellow,2.0,False,1,10:00,10:00,Yellow,Yellow,2026,2,Feb,Tuesday
2026-02-11,Yellow,False,Yellow,2.0,False,1,10:00,10:00,Yellow,Yellow,2026,2,Feb,Wednesday
2026-02-12,Yellow,False,Yellow,2.0,False,1,10:09,10:09,Yellow,Yellow,2026,2,Feb,Thursday
2026-02-13,Yellow,False,Yellow,2.0,False,1,10:11,10:11,Yellow,Yellow,2026,2,Feb,Friday
2026-02-15,Single Red,False,Single Red,3.0,False,1,10:00,10:00,Single Red,Single Red,2026,2,Feb,Sunday
2026-02-16,Single Red,False,Single Red,3.0,False,1,10:00,10:00,Single Red,Single Red,2026,2,Feb,Monday
2026-02-17,Yellow,False,Yellow,2.0,False,1,10:00,10:00,Yellow,Yellow,2026,2,Feb,Tuesday
2026-02-18,Yellow,False,Yellow,2.0,False,1,10:00,10:00,Yellow,Yellow,2026,2,Feb,Wednesday
2026-02-19,Single Red,False,Single Red,3.0,False,1,14:44,14:44,Single Red,Single Red,2026,2,Feb,Thursday
2026-02-20,Single Red,False,Single Red,3.0,False,1,10:20,10:20,Single Red,Single Red,2026,2,Feb,Friday
2026-02-21,Single Red,False,Single Red,3.0,False,1,09:59,09:59,Single Red,Single Red,2026,2,Feb,Saturday
2026-02-22,Single Red,False,Single Red,3.0,False,1,10:00,10:00,Single Red,Single Red,2026,2,Feb,Sunday
2026-02-23,Single Red,False,Single Red,3.0,False,1,10:00,10:00,Single Red,Single Red,2026,2,Feb,Monday
2026-02-24,Single Red,False,Single Red,3.0,False,1,10:00,10:00,Single Red,Single Red,2026,2,Feb,Tuesday
2026-02-25,Single Red,False,Single Red,3.0,False,1,10:00,10:00,Single Red,Single Red,2026,2,Feb,Wednesday
2026-02-26,Single Red,False,Single Red,3.0,False,1,10:19,10:19,Single Red,Single Red,2026,2,Feb,Thursday
2026-02-27,Double Red,False,Double Red,4.0,False,1,10:59,10:59,Double Red,Double Red,2026,2,Feb,Friday
2026-02-28,Single Red,False,Single Red,3.0,False,1,10:24,10:24,Single Red,Single Red,2026,2,Feb,Saturday
2026-03-01,Yellow,False,Yellow,2.0,False,1,10:00,10:00,Yellow,Yellow,2026,3,Mar,Sunday
2026-03-02,Yellow,False,Yellow,2.0,False,1,10:00,10:00,Yellow,Yellow,2026,3,Mar,Monday
2026-03-03,Yellow,False,Yellow,2.0,False,1,10:00,10:00,Yellow,Yellow,2026,3,Mar,Tuesday
2026-03-04,Yellow,False,Yellow,2.0,False,1,10:00,10:00,Yellow,Yellow,2026,3,Mar,Wednesday
2026-03-05,Yellow,False,Yellow,2.0,False,1,10:01,10:01,Yellow,Yellow,2026,3,Mar,Thursday
2026-03-06,Yellow,False,Yellow,2.0,False,1,10:00,10:00,Yellow,Yellow,2026,3,Mar,Friday
2026-03-07,Yellow,False,Yellow,2.0,False,1,10:02,10:02,Yellow,Yellow,2026,3,Mar,Saturday
2026-03-08,Yellow,False,Yellow,2.0,False,1,10:00,10:00,Yellow,Yellow,2026,3,Mar,Sunday
2026-03-09,Yellow,False,Yellow,2.0,False,1,10:00,10:00,Yellow,Yellow,2026,3,Mar,Monday
2026-03-10,Yellow,False,Yellow,2.0,False,1,10:00,10:00,Yellow,Yellow,2026,3,Mar,Tuesday
2026-03-11,Yellow,False,Yellow,2.0,False,1,09:58,09:58,Yellow,Yellow,2026,3,Mar,Wednesday
2026-03-12,Single Red,True,Single Red,3.0,True,1,10:16,10:16,Single Red + Purple,Single Red + Purple,2026,3,Mar,Thursday
2026-03-14,Yellow,True,Yellow,2.0,True,1,10:37,10:37,Yellow + Purple,Yellow + Purple,2026,3,Mar,Saturday
2026-03-15,Yellow,True,Yellow,2.0,True,1,10:01,10:01,Yellow + Purple,Yellow + Purple,2026,3,Mar,Sunday
2026-03-16,Single Red,False,Single Red,3.0,False,1,10:00,10:00,Single Red,Single Red,2026,3,Mar,Monday
2026-03-17,Yellow,False,Yellow,2.0,False,1,10:04,10:04,Yellow,Yellow,2026,3,Mar,Tuesday
2026-03-18,Yellow,False,Yellow,2.0,False,1,10:00,10:00,Yellow,Yellow,2026,3,Mar,Wednesday
2026-03-19,Yellow,False,Yellow,2.0,False,1,09:59,09:59,Yellow,Yellow,2026,3,Mar,Thursday
2026-03-20,Yellow,False,Yellow,2.0,False,1,10:03,10:03,Yellow,Yellow,2026,3,Mar,Friday
2026-03-21,Yellow,False,Yellow,2.0,False,1,10:02,10:02,Yellow,Yellow,2026,3,Mar,Saturday
2026-03-22,Yellow,False,Yellow,2.0,False,1,10:02,10:02,Yellow,Yellow,2026,3,Mar,Sunday
2026-03-23,Yellow,False,Yellow,2.0,False,1,10:00,10:00,Yellow,Yellow,2026,3,Mar,Monday
2026-03-24,Yellow,False,Yellow,2.0,False,1,10:00,10:00,Yellow,Yellow,2026,3,Mar,Tuesday
2026-03-25,Yellow,False,Yellow,2.0,False,1,10:00,10:00,Yellow,Yellow,2026,3,Mar,Wednesday
2026-03-26,Yellow,False,Yellow,2.0,False,1,10:03,10:03,Yellow,Yellow,2026,3,Mar,Thursday
2026-03-27,Yellow,False,Yellow,2.0,False,2,10:03,10:03,Yellow,Yellow,2026,3,Mar,Friday
2026-03-28,Yellow,False,Yellow,2.0,False,1,10:00,10:00,Yellow,Yellow,2026,3,Mar,Saturday
2026-03-29,Yellow,False,Yellow,2.0,False,1,10:01,10:01,Yellow,Yellow,2026,3,Mar,Sunday
2026-03-30,Yellow,False,Yellow,2.0,False,1,10:00,10:00,Yellow,Yellow,2026,3,Mar,Monday
2026-03-31,Yellow,False,Yellow,2.0,False,1,10:00,10:00,Yellow,Yellow,2026,3,Mar,Tuesday
2026-04-01,Yellow,False,Yellow,2.0,False,1,10:00,10:00,Yellow,Yellow,2026,4,Apr,Wednesday
2026-04-02,Yellow,False,Yellow,2.0,False,1,10:04,10:04,Yellow,Yellow,2026,4,Apr,Thursday
2026-04-03,Single Red,False,Single Red,3.0,False,1,10:02,10:02,Single Red,Single Red,2026,4,Apr,Friday
2026-04-04,Single Red,False,Single Red,3.0,False,1,10:02,10:02,Single Red,Single Red,2026,4,Apr,Saturday
2026-04-05,Single Red,False,Single Red,3.0,False,1,10:02,10:02,Single Red,Single Red,2026,4,Apr,Sunday
2026-04-06,Yellow,False,Yellow,2.0,False,1,10:00,10:00,Yellow,Yellow,2026,4,Apr,Monday
2026-04-07,Yellow,False,Yellow,2.0,False,1,10:01,10:01,Yellow,Yellow,2026,4,Apr,Tuesday
2026-04-08,Yellow,False,Yellow,2.0,False,1,10:12,10:12,Yellow,Yellow,2026,4,Apr,Wednesday
2026-04-09,Yellow,False,Yellow,2.0,False,1,10:02,10:02,Yellow,Yellow,2026,4,Apr,Thursday
2026-04-10,Yellow,False,Yellow,2.0,False,1,10:00,10:00,Yellow,Yellow,2026,4,Apr,Friday
2026-04-11,Yellow,False,Yellow,2.0,False,1,10:35,10:35,Yellow,Yellow,2026,4,Apr,Saturday
2026-04-12,Yellow,False,Yellow,2.0,False,1,10:00,10:00,Yellow,Yellow,2026,4,Apr,Sunday
2026-04-13,Yellow,False,Yellow,2.0,False,1,10:00,10:00,Yellow,Yellow,2026,4,Apr,Monday
2026-04-14,Yellow,False,Yellow,2.0,False,1,10:00,10:00,Yellow,Yellow,2026,4,Apr,Tuesday
2026-04-15,Yellow,False,Yellow,2.0,False,1,09:59,09:59,Yellow,Yellow,2026,4,Apr,Wednesday
2026-04-16,Yellow,False,Yellow,2.0,False,1,09:59,09:59,Yellow,Yellow,2026,4,Apr,Thursday
2026-04-17,Yellow,False,Yellow,2.0,False,1,10:00,10:00,Yellow,Yellow,2026,4,Apr,Friday
2026-04-18,Yellow,False,Yellow,2.0,False,1,10:23,10:23,Yellow,Yellow,2026,4,Apr,Saturday
2026-04-19,Yellow,False,Yellow,2.0,False,1,10:00,10:00,Yellow,Yellow,2026,4,Apr,Sunday
2026-04-20,Yellow,False,Yellow,2.0,False,1,10:01,10:01,Yellow,Yellow,2026,4,Apr,Monday
2026-04-21,Yellow,False,Yellow,2.0,False,1,10:00,10:00,Yellow,Yellow,2026,4,Apr,Tuesday
2026-04-22,Yellow,False,Yellow,2.0,False,1,10:00,10:00,Yellow,Yellow,2026,4,Apr,Wednesday
2026-04-23,Single Red,True,Single Red,3.0,True,2,10:05,10:05,Single Red + Purple,Single Red + Purple,2026,4,Apr,Thursday
2026-04-24,Single Red,False,Single Red,3.0,False,1,09:57,09:57,Single Red,Single Red,2026,4,Apr,Friday
2026-04-26,Yellow,False,Yellow,2.0,False,1,10:02,10:02,Yellow,Yellow,2026,4,Apr,Sunday
2026-04-27,Yellow,False,Yellow,2.0,False,1,10:00,10:00,Yellow,Yellow,2026,4,Apr,Monday
2026-04-28,Yellow,False,Yellow,2.0,False,1,10:00,10:00,Yellow,Yellow,2026,4,Apr,Tuesday
2026-04-29,Yellow,False,Yellow,2.0,False,1,10:00,10:00,Yellow,Yellow,2026,4,Apr,Wednesday
2026-04-30,Yellow,False,Yellow,2.0,False,1,10:02,10:02,Yellow,Yellow,2026,4,Apr,Thursday
2026-05-01,Yellow,False,Yellow,2.0,False,1,10:02,10:02,Yellow,Yellow,2026,5,May,Friday
2026-05-02,Yellow,False,Yellow,2.0,False,1,10:01,10:01,Yellow,Yellow,2026,5,May,Saturday
2026-05-03,Yellow,False,Yellow,2.0,False,1,10:00,10:00,Yellow,Yellow,2026,5,May,Sunday
2026-05-04,Yellow,False,Yellow,2.0,False,1,10:00,10:00,Yellow,Yellow,2026,5,May,Monday
2026-05-05,Yellow,False,Yellow,2.0,False,1,10:02,10:02,Yellow,Yellow,2026,5,May,Tuesday
2026-05-06,Yellow,False,Yellow,2.0,False,1,10:01,10:01,Yellow,Yellow,2026,5,May,Wednesday
2026-05-07,Single Red,False,Single Red,3.0,False,1,10:01,10:01,Single Red,Single Red,2026,5,May,Thursday
2026-05-08,Single Red,False,Single Red,3.0,False,1,10:01,10:01,Single Red,Single Red,2026,5,May,Friday
2026-05-09,Single Red,False,Single Red,3.0,False,1,10:01,10:01,Single Red,Single Red,2026,5,May,Saturday
2026-05-10,Yellow,False,Yellow,2.0,False,1,10:00,10:00,Yellow,Yellow,2026,5,May,Sunday
2026-05-11,Yellow,False,Yellow,2.0,False,1,10:02,10:02,Yellow,Yellow,2026,5,May,Monday
2026-05-12,Yellow,False,Yellow,2.0,False,1,10:00,10:00,Yellow,Yellow,2026,5,May,Tuesday
2026-05-13,Yellow,False,Yellow,2.0,False,1,09:55,09:55,Yellow,Yellow,2026,5,May,Wednesday
2026-05-14,Yellow,False,Yellow,2.0,False,1,10:01,10:01,Yellow,Yellow,2026,5,May,Thursday
2026-05-15,Yellow,False,Yellow,2.0,False,1,10:01,10:01,Yellow,Yellow,2026,5,May,Friday
2026-05-16,Yellow,False,Yellow,2.0,False,1,10:01,10:01,Yellow,Yellow,2026,5,May,Saturday
2026-05-17,Yellow,False,Yellow,2.0,False,1,10:00,10:00,Yellow,Yellow,2026,5,May,Sunday
2026-05-18,Single Red,False,Single Red,3.0,False,1,10:00,10:00,Single Red,Single Red,2026,5,May,Monday
2026-05-19,Single Red,False,Single Red,3.0,False,1,10:06,10:06,Single Red,Single Red,2026,5,May,Tuesday
2026-05-20,Yellow,False,Yellow,2.0,False,1,10:00,10:00,Yellow,Yellow,2026,5,May,Wednesday
2026-05-21,Yellow,False,Yellow,2.0,False,1,10:01,10:01,Yellow,Yellow,2026,5,May,Thursday
2026-05-22,Single Red,False,Single Red,3.0,False,1,10:01,10:01,Single Red,Single Red,2026,5,May,Friday
2026-05-23,Single Red,False,Single Red,3.0,False,1,10:01,10:01,Single Red,Single Red,2026,5,May,Saturday
2026-05-24,Single Red,False,Single Red,3.0,False,1,10:00,10:00,Single Red,Single Red,2026,5,May,Sunday
2026-05-25,Single Red,False,Single Red,3.0,False,1,10:00,10:00,Single Red,Single Red,2026,5,May,Monday
2026-05-26,Single Red,False,Single Red,3.0,False,1,10:00,10:00,Single Red,Single Red,2026,5,May,Tuesday
2026-05-27,Single Red,False,Single Red,3.0,False,1,10:00,10:00,Single Red,Single Red,2026,5,May,Wednesday
2026-05-28,Single Red,False,Single Red,3.0,False,1,10:01,10:01,Single Red,Single Red,2026,5,May,Thursday
2026-05-29,Single Red,False,Single Red,3.0,False,1,10:01,10:01,Single Red,Single Red,2026,5,May,Friday
2026-05-30,Double Red,False,Double Red,4.0,False,3,10:01,10:15,Double Red,Double Red,2026,5,May,Saturday
2026-05-31,Single Red,False,Single Red,3.0,False,1,10:00,10:00,Single Red,Single Red,2026,5,May,Sunday
2026-06-01,Single Red,False,Single Red,3.0,False,1,10:01,10:01,Single Red,Single Red,2026,6,Jun,Monday
2026-06-02,Single Red,False,Single Red,3.0,False,1,10:00,10:00,Single Red,Single Red,2026,6,Jun,Tuesday
2026-06-03,Single Red,True,Single Red,3.0,True,2,10:00,12:54,Single Red + Purple,Single Red + Purple,2026,6,Jun,Wednesday
2026-06-04,Single Red,False,Single Red,3.0,True,3,10:04,13:10,Single Red,Single Red + Purple,2026,6,Jun,Thursday
2026-06-05,Single Red,False,Single Red,3.0,False,1,10:03,10:03,Single Red,Single Red,2026,6,Jun,Friday
2026-06-06,Single Red,True,Single Red,3.0,True,2,10:02,14:29,Single Red + Purple,Single Red + Purple,2026,6,Jun,Saturday
2026-06-07,Single Red,True,Single Red,3.0,True,1,10:01,10:01,Single Red + Purple,Single Red + Purple,2026,6,Jun,Sunday
2026-06-08,Yellow,True,Yellow,2.0,True,3,10:01,13:26,Yellow + Purple,Yellow + Purple,2026,6,Jun,Monday
2026-06-09,Yellow,True,Yellow,2.0,True,1,10:01,10:01,Yellow + Purple,Yellow + Purple,2026,6,Jun,Tuesday
2026-06-10,Yellow,False,Yellow,2.0,True,2,10:00,11:00,Yellow,Yellow + Purple,2026,6,Jun,Wednesday
2026-06-11,Yellow,False,Yellow,2.0,False,1,10:00,10:00,Yellow,Yellow,2026,6,Jun,Thursday
2026-06-12,Single Red,False,Single Red,3.0,False,1,10:03,10:03,Single Red,Single Red,2026,6,Jun,Friday
