date,post_flag,post_purple,any_primary_or_recovered_base_match,exact_label_match,source_url
2017-08-30,Double Red,False,True,True,https://www.westendpcb.com/panama-city-beach-weather/beach-flags-now-double-red-gulf-closed-swimming-august-30-2017/
2017-08-30,Double Red,False,True,True,https://www.westendpcb.com/site-map/
2020-03-11,Yellow,False,False,False,https://www.westendpcb.com/panama-city-beach-weather/flag-status-update-march-11-2020-panama-city-beach-flags-are-now-yellow/
2020-05-20,Double Red,False,True,True,https://www.westendpcb.com/panama-city-beach-weather/flag-status-update-may-20-2020-panama-city-beach-flags-are-now-double-red/
2020-05-20,Single Red,False,False,False,https://www.westendpcb.com/panama-city-beach-weather/flag-status-update-may-20-2020-panama-city-beach-flags-are-now-single-red-2/
2020-05-21,Yellow,False,True,True,https://www.westendpcb.com/panama-city-beach-weather/flag-status-update-may-21-2020-panama-city-beach-flags-are-now-yellow/
2020-05-25,Single Red,False,True,True,https://www.westendpcb.com/panama-city-beach-weather/flag-status-update-may-25-2020-panama-city-beach-flags-are-now-single-red/
2020-05-28,Yellow,False,True,True,https://www.westendpcb.com/panama-city-beach-weather/flag-status-update-may-28-2020-panama-city-beach-flags-are-flying-yellow/
2020-05-29,Single Red,False,True,True,https://www.westendpcb.com/panama-city-beach-weather/flag-status-update-may-29-2020-panama-city-beach-flags-are-now-single-red/
2020-05-30,Yellow,False,True,True,https://www.westendpcb.com/panama-city-beach-weather/flag-status-update-may-30-2020-panama-city-beach-flags-are-now-yellow/
2020-06-05,Single Red,False,True,True,https://www.westendpcb.com/panama-city-beach-weather/flag-status-update-june-5-2020-panama-city-beach-flags-are-now-single-red-2/
2020-06-05,Yellow,False,False,False,https://www.westendpcb.com/panama-city-beach-weather/flag-status-update-june-5-2020-panama-city-beach-flags-are-now-yellow/
2020-06-06,Double Red,False,True,True,https://www.westendpcb.com/panama-city-beach-weather/flag-status-update-june-6-2020-panama-city-beach-flags-are-now-double-red/
2020-06-10,Double Red,False,False,False,https://www.westendpcb.com/panama-city-beach-weather/flag-status-update-june-10-2020-panama-city-beach-flags-are-now-double-red/
2020-06-10,Single Red,False,True,True,https://www.westendpcb.com/panama-city-beach-weather/flag-status-update-june-10-2020-panama-city-beach-flags-are-now-single-red/
2020-06-11,Yellow,False,True,True,https://www.westendpcb.com/panama-city-beach-weather/flag-status-update-june-11-2020-panama-city-beach-flags-are-now-yellow/
2020-06-16,Yellow,False,True,True,https://www.westendpcb.com/panama-city-beach-weather/flag-status-update-june-16-2020-panama-city-beach-flags-are-now-yellow/
2020-06-23,Double Red,False,False,False,https://www.westendpcb.com/panama-city-beach-weather/flag-status-update-june-23-2020-panama-city-beach-flags-are-now-double-red/
2020-06-23,Single Red,False,True,True,https://www.westendpcb.com/panama-city-beach-weather/flag-status-update-june-23-2020-panama-city-beach-flags-are-now-single-red/
2020-06-24,Single Red,False,True,True,https://www.westendpcb.com/panama-city-beach-weather/flag-status-update-june-24-2020-panama-city-beach-flags-are-now-single-red/
2020-06-26,Yellow,False,True,True,https://www.westendpcb.com/panama-city-beach-weather/flag-status-update-june-26-2020-panama-city-beach-flags-are-now-yellow/
2020-07-06,Double Red,False,False,False,https://www.westendpcb.com/panama-city-beach-weather/flag-status-update-july-6-2020-panama-city-beach-flags-are-now-double-red/
2020-07-06,Single Red,False,True,True,https://www.westendpcb.com/panama-city-beach-weather/flag-status-update-july-6-2020-panama-city-beach-flags-are-now-single-red/
2020-07-08,Single Red,False,True,True,https://www.westendpcb.com/panama-city-beach-weather/flag-status-update-july-8-2020-panama-city-beach-flags-are-now-single-red/
2020-07-09,Yellow,False,True,True,https://www.westendpcb.com/panama-city-beach-weather/flag-status-update-july-9-2020-panama-city-beach-flags-are-now-yellow/
2020-07-22,Single Red,False,True,True,https://www.westendpcb.com/panama-city-beach-weather/flag-status-update-july-22-2020-panama-city-beach-flags-are-now-single-red/
2020-07-23,Double Red,False,True,True,https://www.westendpcb.com/panama-city-beach-weather/flag-status-update-july-23-2020-panama-city-beach-flags-are-now-double-red/
2020-07-25,Single Red,False,True,True,https://www.westendpcb.com/panama-city-beach-weather/flag-status-update-july-25-2020-panama-city-beach-flags-are-now-single-red/
2020-07-26,Yellow,False,True,True,https://www.westendpcb.com/panama-city-beach-weather/flag-status-update-july-26-2020-panama-city-beach-flags-are-now-yellow/
2020-07-28,Single Red,False,True,True,https://www.westendpcb.com/panama-city-beach-weather/flag-status-update-july-28-2020-panama-city-beach-flags-are-now-single-red/
2020-07-29,Yellow,False,True,True,https://www.westendpcb.com/panama-city-beach-weather/flag-status-update-july-29-2020-panama-city-beach-flags-are-now-yellow/
2020-08-21,Yellow,False,True,True,https://www.westendpcb.com/panama-city-beach-weather/flag-status-update-august-21-2020-panama-city-beach-flags-are-now-yellow/
2020-08-22,Single Red,False,False,False,https://www.westendpcb.com/panama-city-beach-weather/flag-status-update-august-22-2020-panama-city-beach-flags-are-now-single-red/
2020-08-24,Double Red,False,False,False,https://www.westendpcb.com/panama-city-beach-weather/flag-status-update-august-24-2020-panama-city-beach-flags-are-now-double-red/
2020-08-26,Double Red,False,True,True,https://www.westendpcb.com/panama-city-beach-weather/flag-status-update-august-26-2020-panama-city-beach-flags-are-now-double-red/
2020-09-01,Single Red,False,True,True,https://www.westendpcb.com/panama-city-beach-weather/flag-status-update-september-1-2020-panama-city-beach-flags-are-now-single-red/
2020-09-02,Yellow,False,True,True,https://www.westendpcb.com/panama-city-beach-weather/flag-status-update-september-2-2020-panama-city-beach-flags-are-now-yellow/
2020-09-04,Single Red,False,True,True,https://www.westendpcb.com/panama-city-beach-weather/flag-status-update-september-4-2020-panama-city-beach-flags-are-now-single-red/
2020-09-07,Yellow,False,True,True,https://www.westendpcb.com/panama-city-beach-weather/flag-status-update-september-7-2020-panama-city-beach-flags-are-now-yellow/
2020-09-11,Yellow,False,True,True,https://www.westendpcb.com/panama-city-beach-weather/flag-status-update-september-11-2020-panama-city-beach-flags-are-now-yellow/
2020-09-12,Single Red,False,True,True,https://www.westendpcb.com/panama-city-beach-weather/flag-status-update-september-12-2020-panama-city-beach-flags-are-now-single-red/
2020-09-13,Double Red,False,False,False,https://www.westendpcb.com/panama-city-beach-weather/flag-status-update-september-13-2020-panama-city-beach-flags-are-now-double-red/
2020-09-18,Single Red,False,True,True,https://www.westendpcb.com/panama-city-beach-weather/flag-status-update-september-18-2020-panama-city-beach-flags-are-now-single-red/
2020-09-18,Yellow,False,False,False,https://www.westendpcb.com/panama-city-beach-weather/flag-status-update-september-18-2020-panama-city-beach-flags-are-now-yellow/
2020-09-23,Single Red,False,True,True,https://www.westendpcb.com/panama-city-beach-weather/flag-status-update-september-23-2020-panama-city-beach-flags-are-now-single-red/
2020-09-24,Double Red,False,True,True,https://www.westendpcb.com/panama-city-beach-weather/flag-status-update-september-24-2020-panama-city-beach-flags-are-now-double-red/
2020-09-25,Double Red,False,False,False,https://www.westendpcb.com/panama-city-beach-weather/flag-status-update-september-25-2020-panama-city-beach-flags-are-now-double-red/
2020-09-25,Single Red,False,True,True,https://www.westendpcb.com/panama-city-beach-weather/flag-status-update-september-25-2020-panama-city-beach-flags-are-now-single-red/
2020-09-25,Yellow,False,False,False,https://www.westendpcb.com/panama-city-beach-weather/flag-status-update-september-25-2020-panama-city-beach-flags-are-now-yellow/
2020-10-06,Single Red,False,True,True,https://www.westendpcb.com/panama-city-beach-weather/flag-status-update-october-6-2020-panama-city-beach-flags-are-now-single-red/
2020-10-08,Double Red,False,True,True,https://www.westendpcb.com/panama-city-beach-weather/flag-status-update-october-8-2020-panama-city-beach-flags-are-now-double-red/
2020-10-12,Single Red,False,True,True,https://www.westendpcb.com/panama-city-beach-weather/flag-status-update-october-12-2020-panama-city-beach-flags-are-now-single-red/
2020-10-14,Yellow,False,True,True,https://www.westendpcb.com/panama-city-beach-weather/flag-status-update-october-14-2020-panama-city-beach-flags-are-now-yellow/
2020-10-27,Double Red,False,False,False,https://www.westendpcb.com/panama-city-beach-weather/flag-status-update-october-27-2020-panama-city-beach-flags-are-now-double-red/
2020-10-27,Yellow,False,True,True,https://www.westendpcb.com/panama-city-beach-weather/flag-status-update-october-27-2020-panama-city-beach-flags-are-now-yellow/
2020-10-31,Yellow,False,True,True,https://www.westendpcb.com/panama-city-beach-weather/flag-status-update-october-31-2020-panama-city-beach-flags-are-now-yellow/
2020-11-05,Yellow,False,True,True,https://www.westendpcb.com/panama-city-beach-weather/flag-status-update-november-5-2020-panama-city-beach-flags-are-now-yellow/
2020-11-10,Single Red,False,True,True,https://www.westendpcb.com/panama-city-beach-weather/flag-status-update-november-10-2020-panama-city-beach-flags-are-now-single-red/
2021-01-29,Yellow,False,True,True,https://www.westendpcb.com/panama-city-beach-weather/flag-status-update-january-29-2021-panama-city-beach-flags-are-now-yellow/
2021-01-31,Single Red,False,True,True,https://www.westendpcb.com/panama-city-beach-weather/flag-status-update-january-31-2021-panama-city-beach-flags-are-now-single-red/
2021-02-08,Yellow,False,True,True,https://www.westendpcb.com/panama-city-beach-weather/flag-status-update-february-8-2021-panama-city-beach-flags-are-now-yellow/
2021-02-16,Single Red,False,True,True,https://www.westendpcb.com/panama-city-beach-weather/flag-status-update-february-16-2021-panama-city-beach-flags-are-now-single-red/
2021-02-21,Yellow,False,True,True,https://www.westendpcb.com/panama-city-beach-weather/flag-status-update-february-21-2021-panama-city-beach-flags-are-now-yellow/
2021-03-01,Single Red,False,True,True,https://www.westendpcb.com/panama-city-beach-weather/flag-status-update-march-1-2021-panama-city-beach-flags-are-now-single-red/
2021-03-03,Yellow,False,True,True,https://www.westendpcb.com/panama-city-beach-weather/flag-status-update-march-3-2021-panama-city-beach-flags-are-now-yellow/
2021-03-12,Single Red,False,True,True,https://www.westendpcb.com/panama-city-beach-weather/flag-status-update-march-12-2021-panama-city-beach-flags-are-now-single-red/
2021-03-14,Yellow,False,True,True,https://www.westendpcb.com/panama-city-beach-weather/flag-status-update-march-14-2021-panama-city-beach-flags-are-now-yellow/
2021-03-15,Single Red,False,True,True,https://www.westendpcb.com/panama-city-beach-weather/flag-status-update-march-15-2021-panama-city-beach-flags-are-now-single-red/
2021-03-20,Yellow,False,True,True,https://www.westendpcb.com/panama-city-beach-weather/flag-status-update-march-20-2021-panama-city-beach-flags-are-now-yellow/
2021-03-23,Single Red,False,True,True,https://www.westendpcb.com/panama-city-beach-weather/flag-status-update-march-23-2021-panama-city-beach-flags-are-now-single-red/
2021-03-25,Double Red,False,True,True,https://www.westendpcb.com/panama-city-beach-weather/flag-status-update-march-25-2021-panama-city-beach-flags-are-now-double-red/
2021-03-29,Single Red,False,True,True,https://www.westendpcb.com/panama-city-beach-weather/flag-status-update-march-29-2021-panama-city-beach-flags-are-now-single-red/
2021-03-30,Yellow,False,True,True,https://www.westendpcb.com/panama-city-beach-weather/flag-status-update-march-30-2021-panama-city-beach-flags-are-now-yellow/
2021-04-08,Single Red,False,True,True,https://www.westendpcb.com/panama-city-beach-weather/flag-status-update-april-8-2021-panama-city-beach-flags-are-now-single-red/
2021-04-09,Double Red,False,True,True,https://www.westendpcb.com/panama-city-beach-weather/flag-status-update-april-9-2021-panama-city-beach-flags-are-now-double-red/
2021-04-11,Single Red,False,True,True,https://www.westendpcb.com/panama-city-beach-weather/flag-status-update-april-11-2021-panama-city-beach-flags-are-now-single-red/
2021-04-14,Double Red,False,False,False,https://www.westendpcb.com/panama-city-beach-weather/flag-status-update-april-14-2021-panama-city-beach-flags-are-now-double-red/
2021-04-16,Single Red,False,True,True,https://www.westendpcb.com/panama-city-beach-weather/flag-status-update-april-16-2021-panama-city-beach-flags-are-now-single-red/
2021-04-17,Yellow,False,True,True,https://www.westendpcb.com/panama-city-beach-weather/flag-status-update-april-17-2021-panama-city-beach-flags-are-now-yellow/
2021-04-24,Double Red,False,True,True,https://www.westendpcb.com/panama-city-beach-weather/flag-status-update-april-23-2021-panama-city-beach-flags-are-now-double-red/
2021-04-28,Yellow,False,True,True,https://www.westendpcb.com/panama-city-beach-weather/flag-status-update-april-28-2021-panama-city-beach-flags-are-now-yellow/
2021-05-03,Double Red,False,True,True,https://www.westendpcb.com/panama-city-beach-weather/flag-status-update-may-3-2021-panama-city-beach-flags-are-now-double-red/
2021-05-04,Double Red,False,True,True,https://www.westendpcb.com/panama-city-beach-weather/flag-status-update-may-4-2021-panama-city-beach-flags-are-now-double-red-2/
2021-05-06,Single Red,False,True,True,https://www.westendpcb.com/panama-city-beach-weather/flag-status-update-may-6-2021-panama-city-beach-flags-are-now-single-red/
2021-05-07,Yellow,False,True,True,https://www.westendpcb.com/panama-city-beach-weather/flag-status-update-may-7-2021-panama-city-beach-flags-are-now-yellow/
2021-05-17,Single Red,False,False,False,https://www.westendpcb.com/panama-city-beach-weather/flag-status-update-may-17-2021-panama-city-beach-flags-are-now-single-red/
2021-05-19,Double Red,False,True,True,https://www.westendpcb.com/panama-city-beach-weather/flag-status-update-may-19-2021-panama-city-beach-flags-are-now-double-red/
2021-05-21,Double Red,False,True,True,https://www.westendpcb.com/panama-city-beach-weather/flag-status-update-may-21-2021-panama-city-beach-flags-are-now-double-red/
2021-05-22,Single Red,False,True,True,https://www.westendpcb.com/panama-city-beach-weather/flag-status-update-may-22-2021-panama-city-beach-flags-are-now-single-red/
2021-05-23,Yellow,False,True,True,https://www.westendpcb.com/panama-city-beach-weather/flag-status-update-may-23-2021-panama-city-beach-flags-are-now-yellow/
2021-05-29,Single Red,False,True,True,https://www.westendpcb.com/panama-city-beach-weather/flag-status-update-may-29-2021-panama-city-beach-flags-are-now-single-red/
2021-05-30,Yellow,False,True,True,https://www.westendpcb.com/panama-city-beach-weather/flag-status-update-may-30-2021-panama-city-beach-flags-are-now-yellow/
2021-06-06,Single Red,False,False,False,https://www.westendpcb.com/panama-city-beach-weather/flag-status-update-june-6-2021-panama-city-beach-flags-are-now-single-red/
2021-06-10,Yellow,False,True,True,https://www.westendpcb.com/panama-city-beach-weather/flag-status-update-june-10-2021-panama-city-beach-flags-are-now-yellow/
2021-06-12,Single Red,False,True,True,https://www.westendpcb.com/panama-city-beach-weather/flag-status-update-june-12-2021-panama-city-beach-flags-are-now-single-red/
2021-06-14,Yellow,False,True,True,https://www.westendpcb.com/panama-city-beach-weather/flag-status-update-june-14-2021-panama-city-beach-flags-are-now-yellow/
2021-06-17,Single Red,False,True,True,https://www.westendpcb.com/panama-city-beach-weather/flag-status-update-june-17-2021-panama-city-beach-flags-are-now-single-red/
2021-06-18,Double Red,False,True,True,https://www.westendpcb.com/panama-city-beach-weather/flag-status-update-june-18-2021-panama-city-beach-flags-are-now-double-red/
2021-06-23,Double Red,False,True,True,https://www.westendpcb.com/panama-city-beach-weather/flag-status-update-june-23-2021-panama-city-beach-flags-are-now-double-red/
2021-06-23,Single Red,False,True,True,https://www.westendpcb.com/panama-city-beach-weather/flag-status-update-june-23-2021-panama-city-beach-flags-are-now-single-red/
2021-06-28,Yellow,False,True,True,https://www.westendpcb.com/panama-city-beach-weather/flag-status-update-june-28-2021-panama-city-beach-flags-are-now-yellow/
2021-07-02,Single Red,False,True,True,https://www.westendpcb.com/panama-city-beach-weather/flag-status-update-july-2-2021-panama-city-beach-flags-are-now-single-red/
2021-07-06,Single Red,False,True,True,https://www.westendpcb.com/panama-city-beach-weather/flag-status-update-july-6-2021-panama-city-beach-flags-are-now-single-red/
2021-07-06,Yellow,False,False,False,https://www.westendpcb.com/panama-city-beach-weather/flag-status-update-july-6-2021-panama-city-beach-flags-are-now-yellow-2/
2021-07-08,Yellow,False,True,True,https://www.westendpcb.com/panama-city-beach-weather/flag-status-update-july-8-2021-panama-city-beach-flags-are-now-yellow/
2021-07-11,Single Red,False,False,False,https://www.westendpcb.com/panama-city-beach-weather/flag-status-update-july-11-2021-panama-city-beach-flags-are-now-single-red/
2021-07-13,Single Red,True,True,False,https://www.westendpcb.com/panama-city-beach-weather/flag-status-update-july-13-2021-panama-city-beach-flags-are-now-single-red-purple/
2021-07-16,Yellow,False,True,True,https://www.westendpcb.com/panama-city-beach-weather/flag-status-update-july-16-2021-panama-city-beach-flags-are-now-yellow/
2021-07-21,Single Red,False,True,True,https://www.westendpcb.com/panama-city-beach-weather/flag-status-update-july-21-2021-panama-city-beach-flags-are-now-single-red/
2021-07-24,Yellow,False,True,True,https://www.westendpcb.com/panama-city-beach-weather/flag-status-update-july-24-2021-panama-city-beach-flags-are-now-yellow/
2021-08-15,Single Red,False,True,True,https://www.westendpcb.com/panama-city-beach-weather/flag-status-update-august-15-2021-panama-city-beach-flags-are-now-single-red/
2021-08-16,Double Red,False,True,True,https://www.westendpcb.com/panama-city-beach-weather/flag-status-update-august-16-2021-panama-city-beach-flags-are-now-double-red/
2021-08-17,Single Red,False,True,True,https://www.westendpcb.com/panama-city-beach-weather/flag-status-update-august-17-2021-panama-city-beach-flags-are-now-single-red/
2021-08-18,Yellow,False,False,False,https://www.westendpcb.com/panama-city-beach-weather/flag-status-update-august-18-2021-panama-city-beach-flags-are-now-yellow/
2021-08-20,Double Red,False,True,True,https://www.westendpcb.com/panama-city-beach-weather/flag-status-update-august-20-2021-panama-city-beach-flags-are-now-double-red/
2021-08-21,Single Red,False,True,True,https://www.westendpcb.com/panama-city-beach-weather/flag-status-update-august-21-2021-panama-city-beach-flags-are-now-single-red/
2021-08-24,Yellow,False,True,True,https://www.westendpcb.com/panama-city-beach-weather/flag-status-update-august-24-2021-panama-city-beach-flags-are-now-yellow/
2021-08-27,Single Red,False,True,True,https://www.westendpcb.com/panama-city-beach-weather/flag-status-update-august-27-2021-panama-city-beach-flags-are-now-single-red/
2021-08-28,Double Red,False,False,False,https://www.westendpcb.com/panama-city-beach-weather/flag-status-update-august-28-2021-panama-city-beach-flags-are-now-double-red/
2021-09-02,Single Red,False,False,False,https://www.westendpcb.com/panama-city-beach-weather/flag-status-update-september-2-2021-panama-city-beach-flags-are-now-single-red/
2021-09-04,Yellow,False,True,True,https://www.westendpcb.com/panama-city-beach-weather/flag-status-update-september-4-2021-panama-city-beach-flags-are-now-yellow/
2021-09-08,Double Red,False,True,True,https://www.westendpcb.com/panama-city-beach-weather/flag-status-update-september-8-2021-panama-city-beach-flags-are-now-double-red/
2021-09-08,Yellow,False,False,False,https://www.westendpcb.com/panama-city-beach-weather/flag-status-update-september-8-2021-panama-city-beach-flags-are-now-yellow/
2021-09-09,Single Red,False,True,True,https://www.westendpcb.com/panama-city-beach-weather/flag-status-update-september-9-2021-panama-city-beach-flags-are-now-single-red/
2021-09-10,Yellow,False,True,True,https://www.westendpcb.com/panama-city-beach-weather/flag-status-update-september-10-2021-panama-city-beach-flags-are-now-yellow/
2021-09-16,Single Red,False,True,True,https://www.westendpcb.com/panama-city-beach-weather/flag-status-update-september-16-2021-panama-city-beach-flags-are-now-single-red/
2021-09-20,Yellow,False,True,True,https://www.westendpcb.com/panama-city-beach-weather/flag-status-update-september-20-2021-panama-city-beach-flags-are-now-yellow/
2021-09-21,Yellow,False,True,True,https://www.westendpcb.com/panama-city-beach-weather/flag-status-update-september-21-2021-panama-city-beach-flags-are-now-yellow/
2021-09-23,Yellow,False,True,True,https://www.westendpcb.com/panama-city-beach-weather/flag-status-update-september-23-2021-panama-city-beach-flags-are-now-yellow-3/
2021-10-02,Single Red,False,False,False,https://www.westendpcb.com/panama-city-beach-weather/flag-status-update-october-2-2021-panama-city-beach-flags-are-now-single-red/
2021-10-08,Yellow,False,True,True,https://www.westendpcb.com/panama-city-beach-weather/flag-status-update-october-8-2021-panama-city-beach-flags-are-now-yellow/
2021-10-14,Yellow,True,True,False,https://www.westendpcb.com/panama-city-beach-weather/flag-status-update-october-14-2021-panama-city-beach-flags-are-now-yellow-purple/
2021-10-27,Double Red,False,False,False,https://www.westendpcb.com/panama-city-beach-weather/flag-status-update-october-27-2021-panama-city-beach-flags-are-now-double-red/
2021-10-31,Single Red,False,True,True,https://www.westendpcb.com/panama-city-beach-weather/flag-status-update-october-31-2021-panama-city-beach-flags-are-now-single-red/
2021-11-01,Yellow,False,True,True,https://www.westendpcb.com/panama-city-beach-weather/flag-status-update-november-1-2021-panama-city-beach-flags-are-now-yellow/
2021-11-11,Single Red,False,True,True,https://www.westendpcb.com/panama-city-beach-weather/flag-status-update-november-11-2021-panama-city-beach-flags-are-now-single-red/
2021-11-12,Yellow,False,True,True,https://www.westendpcb.com/panama-city-beach-weather/flag-status-update-november-12-2021-panama-city-beach-flags-are-now-yellow/
2021-11-13,Yellow,False,True,True,https://www.westendpcb.com/panama-city-beach-weather/flag-status-update-november-13-2021-panama-city-beach-flags-are-now-yellow/
2021-11-17,Yellow,False,True,True,https://www.westendpcb.com/panama-city-beach-weather/flag-status-update-november-17-2021-panama-city-beach-flags-are-now-yellow/
2021-12-10,Single Red,False,True,True,https://www.westendpcb.com/panama-city-beach-weather/flag-status-update-december-10-2021-panama-city-beach-flags-are-now-single-red/
2021-12-13,Yellow,False,True,True,https://www.westendpcb.com/panama-city-beach-weather/flag-status-update-december-13-2021-panama-city-beach-flags-are-now-yellow/
2021-12-17,Yellow,False,True,True,https://www.westendpcb.com/panama-city-beach-weather/flag-status-update-december-17-2021-panama-city-beach-flags-are-now-yellow/
2021-12-28,Single Red,False,True,True,https://www.westendpcb.com/panama-city-beach-weather/flag-status-update-december-28-2021-panama-city-beach-flags-are-now-single-red/
2021-12-29,Double Red,False,True,True,https://www.westendpcb.com/panama-city-beach-weather/flag-status-update-december-29-2021-panama-city-beach-flags-are-now-double-red/
2021-12-30,Double Red,False,True,True,https://www.westendpcb.com/panama-city-beach-weather/flag-status-update-december-30-2021-panama-city-beach-flags-are-now-double-red/
2021-12-31,Single Red,False,True,True,https://www.westendpcb.com/panama-city-beach-weather/flag-status-update-december-31-2021-panama-city-beach-flags-are-now-single-red/
2022-01-02,Double Red,False,True,True,https://www.westendpcb.com/panama-city-beach-weather/flag-status-update-january-2-2022-panama-city-beach-flags-are-now-double-red/
2022-01-03,Double Red,False,True,True,https://www.westendpcb.com/panama-city-beach-weather/flag-status-update-january-3-2022-panama-city-beach-flags-are-now-double-red/
2022-01-04,Yellow,False,True,True,https://www.westendpcb.com/panama-city-beach-weather/flag-status-update-january-4-2022-panama-city-beach-flags-are-now-yellow/
2022-01-16,Double Red,False,True,True,https://www.westendpcb.com/panama-city-beach-weather/flag-status-update-january-16-2022-panama-city-beach-flags-are-now-double-red/
2022-01-18,Single Red,False,False,False,https://www.westendpcb.com/panama-city-beach-weather/flag-status-update-january-18-2022-panama-city-beach-flags-are-now-single-red/
2022-01-21,Yellow,False,True,True,https://www.westendpcb.com/panama-city-beach-weather/flag-status-update-january-21-2022-panama-city-beach-flags-are-now-yellow/
2022-01-23,Yellow,False,True,True,https://www.westendpcb.com/panama-city-beach-weather/flag-status-update-january-23-2022-panama-city-beach-flags-are-now-yellow/
2022-02-01,Single Red,False,False,False,https://www.westendpcb.com/panama-city-beach-weather/flag-status-update-february-1-2022-panama-city-beach-flags-are-now-single-red/
2022-02-06,Yellow,False,True,True,https://www.westendpcb.com/panama-city-beach-weather/flag-status-update-february-6-2022-panama-city-beach-flags-are-now-yellow/
2022-02-17,Single Red,False,True,True,https://www.westendpcb.com/panama-city-beach-weather/flag-status-update-february-17-2022-panama-city-beach-flags-are-now-single-red/
2022-02-21,Yellow,False,True,True,https://www.westendpcb.com/panama-city-beach-weather/flag-status-update-february-21-2022-panama-city-beach-flags-are-now-yellow/
2022-03-05,Single Red,False,False,False,https://www.westendpcb.com/panama-city-beach-weather/flag-status-update-march-5-2022-panama-city-beach-flags-are-now-single-red/
2022-03-14,Yellow,False,True,True,https://www.westendpcb.com/panama-city-beach-weather/flag-status-update-march-14-2022-panama-city-beach-flags-are-now-yellow/
2022-03-15,Single Red,False,True,True,https://www.westendpcb.com/panama-city-beach-weather/flag-status-update-march-15-2022-panama-city-beach-flags-are-now-single-red/
2022-03-19,Single Red,False,False,False,https://www.westendpcb.com/panama-city-beach-weather/flag-status-update-march-19-2022-panama-city-beach-flags-are-now-single-red/
2022-03-19,Double Red,False,True,True,https://www.westendpcb.com/panama-city-beach-weather/flag-status-update-march-18-2022-panama-city-beach-flags-are-now-double-red/
2022-03-20,Yellow,False,True,True,https://www.westendpcb.com/panama-city-beach-weather/flag-status-update-march-20-2022-panama-city-beach-flags-are-now-yellow/
2022-03-22,Double Red,False,True,True,https://www.westendpcb.com/panama-city-beach-weather/flag-status-update-march-22-2022-panama-city-beach-flags-are-now-double-red/
2022-03-26,Single Red,False,True,True,https://www.westendpcb.com/panama-city-beach-weather/flag-status-update-march-26-2022-panama-city-beach-flags-are-now-single-red/
2022-03-30,Double Red,False,True,True,https://www.westendpcb.com/panama-city-beach-weather/flag-status-update-march-30-2022-panama-city-beach-flags-are-now-double-red/
2022-04-02,Single Red,False,True,True,https://www.westendpcb.com/panama-city-beach-weather/flag-status-update-april-2-2022-panama-city-beach-flags-are-now-single-red/
2022-04-06,Double Red,False,False,False,https://www.westendpcb.com/panama-city-beach-weather/flag-status-update-april-6-2022-panama-city-beach-flags-are-now-double-red/
2022-04-09,Single Red,False,True,True,https://www.westendpcb.com/panama-city-beach-weather/flag-status-update-april-9-2022-panama-city-beach-flags-are-now-single-red/
2022-04-13,Double Red,False,True,True,https://www.westendpcb.com/panama-city-beach-weather/flag-status-update-april-13-2022-panama-city-beach-flags-are-now-double-red/
2022-04-14,Single Red,False,True,True,https://www.westendpcb.com/panama-city-beach-weather/flag-status-update-april-14-2022-panama-city-beach-flags-are-now-single-red/
2022-04-15,Yellow,False,True,True,https://www.westendpcb.com/panama-city-beach-weather/flag-status-update-april-15-2022-panama-city-beach-flags-are-now-yellow/
2022-04-20,Single Red,False,True,True,https://www.westendpcb.com/panama-city-beach-weather/flag-status-update-april-20-2022-panama-city-beach-flags-are-now-single-red/
2022-04-27,Yellow,False,True,True,https://www.westendpcb.com/panama-city-beach-weather/flag-status-update-april-27-2022-panama-city-beach-flags-are-now-yellow/
2022-04-29,Single Red,False,True,True,https://www.westendpcb.com/panama-city-beach-weather/flag-status-update-april-29-2022-panama-city-beach-flags-are-now-single-red/
2022-05-03,Yellow,False,True,True,https://www.westendpcb.com/panama-city-beach-weather/flag-status-update-may-3-2022-panama-city-beach-flags-are-now-yellow/
2022-05-05,Single Red,False,False,False,https://www.westendpcb.com/panama-city-beach-weather/flag-status-update-may-5-2022-panama-city-beach-flags-are-now-single-red/
2022-05-07,Double Red,False,True,True,https://www.westendpcb.com/panama-city-beach-weather/flag-status-update-may-7-2022-panama-city-beach-flags-are-now-double-red/
2022-05-09,Yellow,False,True,True,https://www.westendpcb.com/panama-city-beach-weather/flag-status-update-may-9-2022-panama-city-beach-flags-are-now-yellow/
2022-05-19,Single Red,False,False,False,https://www.westendpcb.com/panama-city-beach-weather/flag-status-update-may-19-2022-panama-city-beach-flags-are-now-single-red/
2022-05-22,Double Red,False,True,True,https://www.westendpcb.com/panama-city-beach-weather/flag-status-update-may-22-2022-panama-city-beach-flags-are-now-double-red/
2022-05-24,Single Red,False,True,True,https://www.westendpcb.com/panama-city-beach-weather/flag-status-update-may-24-2022-panama-city-beach-flags-are-now-single-red/
2022-05-25,Double Red,False,False,False,https://www.westendpcb.com/panama-city-beach-weather/flag-status-update-may-25-2022-panama-city-beach-flags-are-now-double-red/
2022-05-27,Single Red,False,False,False,https://www.westendpcb.com/panama-city-beach-weather/flag-status-update-may-27-2022-panama-city-beach-flags-are-now-single-red/
2022-06-03,Single Red,False,False,False,https://www.westendpcb.com/panama-city-beach-weather/flag-status-update-june-3-2022-panama-city-beach-flags-are-now-single-red/
2022-06-06,Yellow,False,True,True,https://www.westendpcb.com/panama-city-beach-weather/flag-status-update-june-6-2022-panama-city-beach-flags-are-now-yellow/
2022-06-09,Double Red,False,False,False,https://www.westendpcb.com/panama-city-beach-weather/flag-status-update-june-9-2022-panama-city-beach-flags-are-now-double-red/
2022-06-09,Single Red,False,True,True,https://www.westendpcb.com/panama-city-beach-weather/flag-status-update-june-9-2022-panama-city-beach-flags-are-now-single-red/
2022-06-10,Single Red,False,True,True,https://www.westendpcb.com/panama-city-beach-weather/flag-status-update-june-10-2022-panama-city-beach-flags-are-now-single-red/
2022-06-12,Double Red,False,False,False,https://www.westendpcb.com/panama-city-beach-weather/flag-status-update-june-12-2022-panama-city-beach-flags-are-now-double-red/
2022-06-14,Single Red,False,True,True,https://www.westendpcb.com/panama-city-beach-weather/flag-status-update-june-14-2022-panama-city-beach-flags-are-now-single-red/
2022-06-19,Yellow,False,False,False,https://www.westendpcb.com/panama-city-beach-weather/flag-status-update-june-19-2022-panama-city-beach-flags-are-now-yellow/
2022-06-20,Yellow,False,True,True,https://www.westendpcb.com/panama-city-beach-weather/flag-status-update-june-20-2022-panama-city-beach-flags-are-yellow/
2022-06-21,Single Red,False,True,True,https://www.westendpcb.com/panama-city-beach-weather/flag-status-update-june-21-2022-panama-city-beach-flags-are-now-single-red/
2022-06-21,Yellow,False,True,True,https://www.westendpcb.com/panama-city-beach-weather/flag-status-update-june-21-2022-panama-city-beach-flags-are-now-yellow/
2022-06-28,Yellow,False,True,True,https://www.westendpcb.com/panama-city-beach-weather/flag-status-update-june-23-2022-panama-city-beach-flags-are-now-yellow/
2022-07-04,Yellow,True,True,False,https://www.westendpcb.com/panama-city-beach-weather/flag-status-update-july-4-2022-panama-city-beach-flags-are-now-purple-yellow/
2022-07-07,Yellow,False,True,True,https://www.westendpcb.com/panama-city-beach-weather/flag-status-update-july-7-2022-panama-city-beach-flags-are-now-yellow/
2022-07-09,Single Red,False,False,False,https://www.westendpcb.com/panama-city-beach-weather/flag-status-update-july-9-2022-panama-city-beach-flags-are-now-single-red/
2022-07-15,Yellow,False,True,True,https://www.westendpcb.com/panama-city-beach-weather/flag-status-update-july-15-2022-panama-city-beach-flags-are-now-yellow/
2022-07-19,Single Red,False,False,False,https://www.westendpcb.com/panama-city-beach-weather/flag-status-update-july-19-2022-panama-city-beach-flags-are-now-single-red/
2022-07-23,Yellow,False,True,True,https://www.westendpcb.com/panama-city-beach-weather/flag-status-update-july-23-2022-panama-city-beach-flags-are-now-yellow/
2022-07-28,Single Red,False,True,True,https://www.westendpcb.com/panama-city-beach-weather/flag-status-update-july-28-2022-panama-city-beach-flags-are-now-single-red/
2022-08-02,Yellow,False,True,True,https://www.westendpcb.com/panama-city-beach-weather/flag-status-update-august-2-2022-panama-city-beach-flags-are-now-yellow/
2022-08-08,Single Red,False,True,True,https://www.westendpcb.com/panama-city-beach-weather/flag-status-update-august-8-2022-panama-city-beach-flags-are-now-single-red/
2022-08-18,Yellow,True,True,False,https://www.westendpcb.com/panama-city-beach-weather/flag-status-update-august-18-2022-panama-city-beach-flags-yellow-purple-red/
2022-09-06,Yellow,True,True,False,https://www.westendpcb.com/panama-city-beach-weather/flag-status-update-august-20-2022-panama-city-beach-flags-are-yellow-purple/
2022-09-09,Single Red,True,True,False,https://www.westendpcb.com/panama-city-beach-weather/flag-status-update-september-9-2022-panama-city-beach-flags-are-now-single-red/
2022-09-14,Yellow,False,True,True,https://www.westendpcb.com/panama-city-beach-weather/flag-status-update-september-14-2022-panama-city-beach-flags-are-now-yellow/
2022-09-26,Yellow,True,True,False,https://www.westendpcb.com/panama-city-beach-weather/flag-status-update-september-26-2022-panama-city-beach-flags-are-now-single-red-yellow-purple/
2022-10-07,Yellow,True,True,False,https://www.westendpcb.com/uncategorized/flag-status-update-oct-7-2022-panama-city-beach-flags-are-yellow-purple/
2022-10-12,Single Red,False,False,False,https://www.westendpcb.com/panama-city-beach-weather/flag-status-update-october-12-2022-panama-city-beach-flags-are-now-single-red/
2022-10-16,Yellow,False,True,True,https://www.westendpcb.com/panama-city-beach-weather/flag-status-update-october-16-2022-panama-city-beach-flags-are-yellow/
2022-10-25,Single Red,False,True,True,https://www.westendpcb.com/panama-city-beach-weather/flag-status-update-october-25-2022-panama-city-beach-flags-are-now-single-red/
2022-10-27,Yellow,False,False,False,https://www.westendpcb.com/panama-city-beach-weather/flag-status-update-october-27-2022-panama-city-beach-flags-are-now-yellow/
2022-10-28,Yellow,False,True,True,https://www.westendpcb.com/panama-city-beach-weather/flag-status-update-october-28-2022-panama-city-beach-flags-are-yellow/
2022-11-11,Double Red,False,True,True,https://www.westendpcb.com/panama-city-beach-weather/flag-status-update-november-11-2022-panama-city-beach-flags-are-now-double-red/
2022-11-12,Single Red,False,True,True,https://www.westendpcb.com/panama-city-beach-weather/flag-status-update-november-12-2022-panama-city-beach-flags-are-now-single-red/
2022-11-13,Yellow,False,False,False,https://www.westendpcb.com/panama-city-beach-weather/flag-status-update-november-13-2022-panama-city-beach-flags-are-now-yellos/
2022-11-16,Single Red,False,True,True,https://www.westendpcb.com/panama-city-beach-weather/flag-status-update-november-16-2022-panama-city-beach-flags-are-now-single-red/
2022-11-17,Yellow,False,True,True,https://www.westendpcb.com/panama-city-beach-weather/flag-status-update-november-17-2022-panama-city-beach-flags-are-now-yellow/
2022-11-27,Double Red,False,True,True,https://www.westendpcb.com/panama-city-beach-weather/flag-status-update-november-27-2022-panama-city-beach-flags-are-now-double-red/
2022-11-29,Single Red,False,True,True,https://www.westendpcb.com/panama-city-beach-weather/flag-status-update-november-29-2022-panama-city-beach-flags-are-now-single-red/
2022-12-02,Yellow,False,True,True,https://www.westendpcb.com/panama-city-beach-weather/flag-status-update-december-2-2022-panama-city-beach-flags-are-now-yellow/
2022-12-13,Single Red,False,False,False,https://www.westendpcb.com/panama-city-beach-weather/flag-status-update-december-13-2022-panama-city-beach-flags-are-now-single-red/
2022-12-17,Yellow,False,True,True,https://www.westendpcb.com/panama-city-beach-conditions/flag-status-update-december-17-2022-panama-city-beach-flags-are-now-yellow/
2022-12-29,Single Red,False,True,True,https://www.westendpcb.com/panama-city-beach-weather/flag-status-update-december-29-2022-panama-city-beach-flags-are-now-single-red/
2023-01-08,Yellow,False,True,True,https://www.westendpcb.com/panama-city-beach-weather/flag-status-update-january-8-2023-panama-city-beach-flags-are-now-yellow/
2023-01-11,Single Red,False,False,False,https://www.westendpcb.com/panama-city-beach-weather/flag-status-update-january-11-2023-panama-city-beach-flags-are-now-single-red/
2023-01-12,Double Red,False,False,False,https://www.westendpcb.com/panama-city-beach-weather/flag-status-update-january-12-2023-panama-city-beach-flags-are-now-double-red/
2023-01-17,Single Red,False,True,True,https://www.westendpcb.com/panama-city-beach-weather/flag-status-update-january-17-2023-panama-city-beach-flags-are-now-single-red/
2023-01-21,Single Red,False,True,True,https://www.westendpcb.com/panama-city-beach-weather/flag-status-update-january-21-2023-panama-city-beach-flags-are-now-single-red/
2023-01-23,Single Red,False,True,True,https://www.westendpcb.com/panama-city-beach-weather/flag-status-update-january-23-2023-panama-city-beach-flags-are-now-single-red/
2023-01-25,Double Red,False,False,False,https://www.westendpcb.com/panama-city-beach-weather/flag-status-update-january-25-2023-panama-city-beach-flags-are-now-double-red/
2023-01-26,Single Red,False,True,True,https://www.westendpcb.com/panama-city-beach-weather/flag-status-update-january-26-2023-panama-city-beach-flags-are-now-single-red/
2023-01-27,Yellow,False,True,True,https://www.westendpcb.com/panama-city-beach-weather/flag-status-update-january-27-2023-panama-city-beach-flags-are-now-yellow/
2023-01-31,Yellow,False,True,True,https://www.westendpcb.com/panama-city-beach-weather/flag-status-update-january-31-2023-panama-city-beach-flags-are-now-yellow/
2023-02-01,Yellow,False,True,True,https://www.westendpcb.com/panama-city-beach-weather/flag-status-update-february-1-2023-panama-city-beach-flags-are-now-yellow/
2023-02-08,Single Red,False,True,True,https://www.westendpcb.com/panama-city-beach-weather/flag-status-update-february-8-2023-panama-city-beach-flags-are-now-single-red/
2023-02-19,Yellow,False,True,True,https://www.westendpcb.com/panama-city-beach-weather/flag-status-update-february-19-2023-panama-city-beach-flags-are-now-yellow/
2023-02-20,Single Red,False,False,False,https://www.westendpcb.com/panama-city-beach-weather/flag-status-update-february-20-2023-panama-city-beach-flags-are-now-single-red/
2023-02-23,Double Red,False,True,True,https://www.westendpcb.com/panama-city-beach-weather/flag-status-update-february-23-2023-panama-city-beach-flags-are-now-double-red/
2023-02-24,Single Red,False,True,True,https://www.westendpcb.com/panama-city-beach-weather/flag-status-update-february-24-2023-panama-city-beach-flags-are-now-single-red/
2023-02-26,Yellow,False,False,False,https://www.westendpcb.com/panama-city-beach-weather/flag-status-update-february-26-2023-panama-city-beach-flags-are-now-yellow/
2023-02-28,Single Red,False,True,True,https://www.westendpcb.com/panama-city-beach-weather/flag-status-update-february-28-2023-panama-city-beach-flags-are-now-single-red/
2023-03-03,Double Red,False,True,True,https://www.westendpcb.com/panama-city-beach-weather/flag-status-update-march-3-2023-panama-city-beach-flags-are-now-double-red/
2023-03-05,Single Red,True,True,False,https://www.westendpcb.com/panama-city-beach-weather/flag-status-update-march-5-2023-panama-city-beach-flags-are-now-single-red/
2023-03-07,Yellow,False,True,True,https://www.westendpcb.com/panama-city-beach-weather/flag-status-update-march-7-2023-panama-city-beach-flags-are-now-yellow/
2023-03-08,Yellow,False,True,True,https://www.westendpcb.com/panama-city-beach-weather/flag-status-update-march-8-2023-panama-city-beach-flags-are-now-yellow/
2023-03-12,Double Red,False,True,True,https://www.westendpcb.com/panama-city-beach-weather/flag-status-update-march-12-2023-panama-city-beach-flags-are-now-double-red/
2023-03-12,Single Red,False,True,True,https://www.westendpcb.com/panama-city-beach-weather/flag-status-update-march-12-2023-panama-city-beach-flags-are-now-single-red/
2023-03-13,Single Red,False,True,True,https://www.westendpcb.com/panama-city-beach-weather/flag-status-update-march-13-2023-panama-city-beach-flags-are-now-single-red/
2023-03-14,Yellow,False,True,True,https://www.westendpcb.com/panama-city-beach-weather/flag-status-update-march-14-2023-panama-city-beach-flags-are-now-yellow/
2023-03-16,Single Red,False,True,True,https://www.westendpcb.com/panama-city-beach-weather/flag-status-update-march-16-2023-panama-city-beach-flags-are-now-single-red/
2023-03-20,Yellow,False,True,True,https://www.westendpcb.com/panama-city-beach-weather/flag-status-update-march-20-2023-panama-city-beach-flags-are-now-yellow-2/
2023-03-23,Yellow,False,True,True,https://www.westendpcb.com/panama-city-beach-weather/flag-status-update-march-23-2023-panama-city-beach-flags-are-now-yellow/
2023-03-24,Single Red,False,True,True,https://www.westendpcb.com/panama-city-beach-weather/flag-status-update-march-24-2023-panama-city-beach-flags-are-now-single-red/
2023-03-30,Yellow,False,True,True,https://www.westendpcb.com/panama-city-beach-weather/flag-status-update-march-30-2023-panama-city-beach-flags-are-now-yellow/
2023-03-31,Single Red,False,True,True,https://www.westendpcb.com/panama-city-beach-weather/flag-status-update-march-31-2023-panama-city-beach-flags-are-now-single-red/
2023-04-07,Yellow,False,True,True,https://www.westendpcb.com/panama-city-beach-weather/flag-status-update-april-7-2023-panama-city-beach-flags-are-now-yellow/
2023-04-12,Single Red,False,True,True,https://www.westendpcb.com/panama-city-beach-weather/flag-status-update-april-12-2023-panama-city-beach-flags-are-now-single-red/
2023-04-13,Double Red,False,True,True,https://www.westendpcb.com/panama-city-beach-weather/flag-status-update-april-13-2023-panama-city-beach-flags-are-now-double-red/
2023-04-14,Single Red,False,True,True,https://www.westendpcb.com/panama-city-beach-weather/flag-status-update-april-14-2023-panama-city-beach-flags-are-now-single-red/
2023-04-17,Yellow,False,True,True,https://www.westendpcb.com/panama-city-beach-weather/flag-status-update-april-17-2023-panama-city-beach-flags-are-now-yellow/
2023-04-27,Single Red,False,True,True,https://www.westendpcb.com/panama-city-beach-weather/flag-status-update-april-27-2023-panama-city-beach-flags-are-now-single-red-2/
2023-04-28,Double Red,False,True,True,https://www.westendpcb.com/panama-city-beach-weather/flag-status-update-april-28-2023-panama-city-beach-flags-are-now-double-red/
2023-05-03,Yellow,False,True,True,https://www.westendpcb.com/panama-city-beach-weather/flag-status-update-may-3-2023-panama-city-beach-flags-are-now-yellow/
2023-06-02,Yellow,False,True,True,https://www.westendpcb.com/panama-city-beach-weather/flag-status-update-june-2-2023-panama-city-beach-flags-are-now-yellow/
2023-06-12,Single Red,False,True,True,https://www.westendpcb.com/panama-city-beach-weather/flag-status-update-june-12-2023-panama-city-beach-flags-are-now-single-red/
2023-06-15,Double Red,False,True,True,https://www.westendpcb.com/panama-city-beach-weather/flag-status-update-june-15-2023-panama-city-beach-flags-are-now-double-red/
2023-06-17,Single Red,False,True,True,https://www.westendpcb.com/panama-city-beach-weather/flag-status-update-june-17-2023-panama-city-beach-flags-are-now-single-red/
2023-06-22,Double Red,False,True,True,https://www.westendpcb.com/panama-city-beach-weather/flag-status-update-june-18-2023-panama-city-beach-flags-are-now-double-red/
2023-06-24,Double Red,False,False,False,https://www.westendpcb.com/panama-city-beach-weather/flag-status-update-june-24-2023-panama-city-beach-flags-are-now-double-red/
2023-06-24,Single Red,False,True,True,https://www.westendpcb.com/panama-city-beach-weather/flag-status-update-june-24-2023-panama-city-beach-flags-are-now-single-red/
2023-06-30,Yellow,False,True,True,https://www.westendpcb.com/panama-city-beach-weather/flag-status-update-june-30-2023-panama-city-beach-flags-are-now-yellow/
2023-07-08,Single Red,False,True,True,https://www.westendpcb.com/panama-city-beach-weather/flag-status-update-july-8-2023-panama-city-beach-flags-are-now-single-red/
2023-07-10,Double Red,False,True,True,https://www.westendpcb.com/panama-city-beach-weather/flag-status-update-july-10-2023-panama-city-beach-flags-are-now-double-red/
2023-07-11,Single Red,False,True,True,https://www.westendpcb.com/panama-city-beach-weather/flag-status-update-july-11-2023-panama-city-beach-flags-are-now-single-red/
2023-07-16,Single Red,False,True,True,https://www.westendpcb.com/panama-city-beach-weather/flag-status-update-july-14-2023-panama-city-beach-flags-are-now-single-red/
2023-07-21,Yellow,False,True,True,https://www.westendpcb.com/panama-city-beach-weather/flag-status-update-july-17-2023-panama-city-beach-flags-are-now-yellow/
2023-07-24,Single Red,False,True,True,https://www.westendpcb.com/panama-city-beach-weather/flag-status-update-july-22-2023-panama-city-beach-flags-are-now-single-red/
2023-07-25,Double Red,False,True,True,https://www.westendpcb.com/panama-city-beach-weather/flag-status-update-july-24-2023-panama-city-beach-flags-are-now-double-red/
2023-08-06,Yellow,False,True,True,https://www.westendpcb.com/panama-city-beach-weather/flag-status-update-july-26-2023-panama-city-beach-flags-are-now-yellow/
2023-08-08,Single Red,False,True,True,https://www.westendpcb.com/panama-city-beach-weather/flag-status-update-august-8-2023-panama-city-beach-flags-are-now-single-red/
2023-08-09,Yellow,False,True,True,https://www.westendpcb.com/panama-city-beach-weather/flag-status-update-august-9-2023-panama-city-beach-flags-are-now-yellow/
2023-08-10,Double Red,False,False,False,https://www.westendpcb.com/panama-city-beach-weather/flag-status-update-august-10-2023-panama-city-beach-flags-are-now-double-red/
2023-08-11,Single Red,False,True,True,https://www.westendpcb.com/panama-city-beach-weather/flag-status-update-august-11-2023-panama-city-beach-flags-are-now-single-red/
2023-08-28,Yellow,False,True,True,https://www.westendpcb.com/panama-city-beach-weather/flag-status-update-august-13-2023-panama-city-beach-flags-are-now-yellow/
2023-08-29,Single Red,False,True,True,https://www.westendpcb.com/panama-city-beach-weather/flag-status-update-august-29-2023-panama-city-beach-flags-are-now-single-red/
2023-08-30,Double Red,False,True,True,https://www.westendpcb.com/panama-city-beach-weather/flag-status-update-august-29-2023-panama-city-beach-flags-are-now-double-red/
2023-09-03,Single Red,False,True,True,https://www.westendpcb.com/panama-city-beach-weather/flag-status-update-august-31-2023-panama-city-beach-flags-are-now-single-red/
2023-10-09,Yellow,False,True,True,https://www.westendpcb.com/panama-city-beach-weather/flag-status-update-september-4-2023-panama-city-beach-flags-are-now-yellow/
2023-10-11,Single Red,False,False,False,https://www.westendpcb.com/panama-city-beach-weather/flag-status-update-october-11-2023-panama-city-beach-flags-are-now-single-red/
2023-10-11,Yellow,True,True,False,https://www.westendpcb.com/panama-city-beach-weather/flag-status-update-october-10-2023-panama-city-beach-flags-are-now-yellow-purple/
2023-10-13,Double Red,False,True,True,https://www.westendpcb.com/panama-city-beach-weather/flag-status-update-october-12-2023-panama-city-beach-flags-are-now-double-red/
2023-10-19,Yellow,False,True,True,https://www.westendpcb.com/panama-city-beach-weather/flag-status-update-october-15-2023-panama-city-beach-flags-are-now-yellow/
2023-10-20,Double Red,False,True,True,https://www.westendpcb.com/panama-city-beach-weather/flag-status-update-october-20-2023-panama-city-beach-flags-are-now-double-red/
2023-10-20,Single Red,False,False,False,https://www.westendpcb.com/panama-city-beach-weather/flag-status-update-october-20-2023-panama-city-beach-flags-are-now-single-red/
2023-10-21,Single Red,False,True,True,https://www.westendpcb.com/panama-city-beach-weather/flag-status-update-october-21-2023-panama-city-beach-flags-are-now-single-red/
2023-10-23,Yellow,False,True,True,https://www.westendpcb.com/panama-city-beach-weather/flag-status-update-october-23-2023-panama-city-beach-flags-are-now-yellow/
2023-10-29,Single Red,False,True,True,https://www.westendpcb.com/panama-city-beach-weather/flag-status-update-october-24-2023-panama-city-beach-flags-are-now-single-red/
2023-11-14,Yellow,False,True,True,https://www.westendpcb.com/panama-city-beach-weather/flag-status-update-october-30-2023-panama-city-beach-flags-are-now-yellow-3/
2023-11-15,Single Red,False,True,True,https://www.westendpcb.com/panama-city-beach-weather/flag-status-update-november-14-2023-panama-city-beach-flags-are-now-single-red/
2023-11-16,Double Red,False,False,False,https://www.westendpcb.com/panama-city-beach-weather/flag-status-update-november-15-2023-panama-city-beach-flags-are-now-double-red/
2023-11-16,Single Red,False,True,True,https://www.westendpcb.com/panama-city-beach-weather/flag-status-update-november-16-2023-panama-city-beach-flags-are-now-single-red/
2023-11-18,Yellow,False,True,True,https://www.westendpcb.com/panama-city-beach-weather/flag-status-update-november-18-2023-panama-city-beach-flags-are-now-yellow/
2023-11-20,Single Red,False,True,True,https://www.westendpcb.com/panama-city-beach-weather/flag-status-update-november-20-2023-panama-city-beach-flags-are-now-single-red/
2023-11-21,Double Red,False,True,True,https://www.westendpcb.com/panama-city-beach-weather/flag-status-update-november-21-2023-panama-city-beach-flags-are-now-double-red/
2023-11-22,Single Red,False,True,True,https://www.westendpcb.com/panama-city-beach-weather/flag-status-update-november-22-2023-panama-city-beach-flags-are-now-single-red/
2023-11-24,Yellow,False,True,True,https://www.westendpcb.com/panama-city-beach-weather/flag-status-update-november-24-2023-panama-city-beach-flags-are-now-yellow/
2023-11-30,Single Red,False,False,False,https://www.westendpcb.com/panama-city-beach-weather/flag-status-update-november-30-2023-panama-city-beach-flags-are-now-single-red/
2023-12-01,Double Red,False,True,True,https://www.westendpcb.com/panama-city-beach-weather/flag-status-update-december-1-2023-panama-city-beach-flags-are-now-double-red/
2023-12-05,Yellow,False,True,True,https://www.westendpcb.com/panama-city-beach-weather/flag-status-update-december-5-2023-panama-city-beach-flags-are-now-yellow/
2023-12-08,Single Red,False,True,True,https://www.westendpcb.com/panama-city-beach-weather/flag-status-update-december-8-2023-panama-city-beach-flags-are-now-single-red/
2023-12-12,Yellow,False,True,True,https://www.westendpcb.com/panama-city-beach-weather/flag-status-update-december-12-2023-panama-city-beach-flags-are-now-yellow/
2023-12-16,Single Red,False,True,True,https://www.westendpcb.com/panama-city-beach-weather/flag-status-update-december-16-2023-panama-city-beach-flags-are-now-single-red/
2023-12-19,Yellow,False,True,True,https://www.westendpcb.com/panama-city-beach-weather/flag-status-update-december-19-2023-panama-city-beach-flags-are-now-yellow/
2023-12-25,Double Red,False,True,True,https://www.westendpcb.com/panama-city-beach-weather/flag-status-update-december-25-2023-panama-city-beach-flags-are-now-double-red/
2023-12-26,Single Red,False,True,True,https://www.westendpcb.com/panama-city-beach-weather/flag-status-update-december-26-2023-panama-city-beach-flags-are-now-single-red/
2023-12-29,Double Red,False,True,True,https://www.westendpcb.com/panama-city-beach-weather/flag-status-update-december-29-2023-panama-city-beach-flags-are-now-double-red/
2023-12-31,Single Red,False,True,True,https://www.westendpcb.com/panama-city-beach-weather/flag-status-update-december-31-2023-panama-city-beach-flags-are-now-single-red/
2024-01-06,Double Red,False,True,True,https://www.westendpcb.com/panama-city-beach-weather/flag-status-update-january-6-2024-panama-city-beach-flags-are-now-double-red/
2024-01-12,Double Red,False,True,True,https://www.westendpcb.com/panama-city-beach-weather/flag-status-update-january-12-2024-panama-city-beach-flags-are-now-double-red-2/
2024-01-16,Yellow,False,False,False,https://www.westendpcb.com/panama-city-beach-weather/flag-status-update-january-16-2024-panama-city-beach-flags-are-now-yellow/
2024-01-23,Double Red,False,True,True,https://www.westendpcb.com/panama-city-beach-weather/flag-status-update-january-23-2024-panama-city-beach-flags-are-now-double-red/
2024-01-26,Single Red,False,True,True,https://www.westendpcb.com/panama-city-beach-weather/flag-status-update-january-26-2024-panama-city-beach-flags-are-now-single-red/
2024-01-29,Yellow,False,True,True,https://www.westendpcb.com/panama-city-beach-weather/flag-status-update-january-29-2024-panama-city-beach-flags-are-now-yellow/
2024-01-31,Single Red,False,True,True,https://www.westendpcb.com/panama-city-beach-weather/flag-status-update-january-31-2024-panama-city-beach-flags-are-now-single-red/
2024-02-06,Yellow,False,True,True,https://www.westendpcb.com/panama-city-beach-weather/flag-status-update-february-6-2024-panama-city-beach-flags-are-now-yellow/
2024-02-10,Single Red,False,True,True,https://www.westendpcb.com/panama-city-beach-weather/flag-status-update-february-10-2024-panama-city-beach-flags-are-now-single-red/
2024-02-22,Yellow,False,True,True,https://www.westendpcb.com/panama-city-beach-weather/flag-status-update-february-14-2024-panama-city-beach-flags-are-now-yellow/
2024-02-23,Double Red,False,True,True,https://www.westendpcb.com/panama-city-beach-weather/flag-status-update-february-23-2024-panama-city-beach-flags-are-now-double-red/
2024-02-24,Single Red,False,True,True,https://www.westendpcb.com/panama-city-beach-weather/flag-status-update-february-24-2024-panama-city-beach-flags-are-now-single-red/
2024-02-26,Yellow,False,True,True,https://www.westendpcb.com/panama-city-beach-weather/flag-status-update-february-26-2024-panama-city-beach-flags-are-now-yellow/
2024-02-27,Double Red,False,True,True,https://www.westendpcb.com/panama-city-beach-weather/flag-status-update-february-27-2024-panama-city-beach-flags-are-now-double-red/
2024-02-29,Single Red,False,True,True,https://www.westendpcb.com/panama-city-beach-weather/flag-status-update-february-29-2024-panama-city-beach-flags-are-now-single-red/
2024-03-03,Yellow,False,True,True,https://www.westendpcb.com/panama-city-beach-weather/flag-status-update-march-3-2024-panama-city-beach-flags-are-now-yellow/
2024-03-04,Single Red,False,False,False,https://www.westendpcb.com/panama-city-beach-weather/flag-status-update-march-4-2024-panama-city-beach-flags-are-now-single-red/
2024-03-07,Yellow,False,True,True,https://www.westendpcb.com/panama-city-beach-weather/flag-status-update-march-7-2024-panama-city-beach-flags-are-now-yellow/
2024-03-08,Single Red,False,True,True,https://www.westendpcb.com/panama-city-beach-weather/flag-status-update-march-8-2024-panama-city-beach-flags-are-now-single-red/
2024-03-09,Double Red,False,True,True,https://www.westendpcb.com/panama-city-beach-weather/flag-status-update-march-9-2024-panama-city-beach-flags-are-now-double-red/
2024-03-10,Single Red,False,True,True,https://www.westendpcb.com/panama-city-beach-weather/flag-status-update-march-10-2024-panama-city-beach-flags-are-now-single-red/
2024-03-11,Yellow,False,True,True,https://www.westendpcb.com/panama-city-beach-weather/flag-status-update-march-11-2024-panama-city-beach-flags-are-now-yellow/
2024-03-15,Single Red,False,True,True,https://www.westendpcb.com/panama-city-beach-weather/flag-status-update-march-15-2024-panama-city-beach-flags-are-now-single-red/
2024-03-18,Yellow,False,True,True,https://www.westendpcb.com/panama-city-beach-weather/flag-status-update-march-18-2024-panama-city-beach-flags-are-now-yellow/
2024-03-22,Double Red,False,False,False,https://www.westendpcb.com/panama-city-beach-weather/flag-status-update-march-22-2024-panama-city-beach-flags-are-now-double-red/
2024-03-22,Single Red,False,True,True,https://www.westendpcb.com/panama-city-beach-weather/flag-status-update-march-22-2024-panama-city-beach-flags-are-now-single-red/
2024-03-24,Yellow,False,True,True,https://www.westendpcb.com/panama-city-beach-weather/flag-status-update-march-24-2024-panama-city-beach-flags-are-now-yellow/
2024-03-25,Double Red,False,True,True,https://www.westendpcb.com/panama-city-beach-weather/flag-status-update-march-25-2024-panama-city-beach-flags-are-now-double-red/
2024-03-25,Single Red,False,False,False,https://www.westendpcb.com/panama-city-beach-weather/flag-status-update-march-25-2024-panama-city-beach-flags-are-now-single-red/
2024-03-27,Single Red,False,False,False,https://www.westendpcb.com/panama-city-beach-weather/flag-status-update-march-27-2024-panama-city-beach-flags-are-now-single-red/
2024-03-29,Yellow,False,True,True,https://www.westendpcb.com/panama-city-beach-weather/flag-status-update-march-29-2024-panama-city-beach-flags-are-now-yellow/
2024-04-01,Single Red,False,True,True,https://www.westendpcb.com/panama-city-beach-weather/flag-status-update-april-1-2024-panama-city-beach-flags-are-now-single-red/
2024-04-04,Double Red,False,True,True,https://www.westendpcb.com/panama-city-beach-weather/flag-status-update-april-2-2024-panama-city-beach-flags-are-now-double-red/
2024-04-05,Single Red,False,True,True,https://www.westendpcb.com/panama-city-beach-weather/flag-status-update-april-5-2024-panama-city-beach-flags-are-now-single-red/
2024-04-07,Yellow,False,True,True,https://www.westendpcb.com/panama-city-beach-weather/flag-status-update-april-7-2024-panama-city-beach-flags-are-now-yellow/
2024-04-08,Single Red,False,True,True,https://www.westendpcb.com/panama-city-beach-weather/flag-status-update-april-8-2024-panama-city-beach-flags-are-now-single-red/
2024-04-09,Double Red,False,False,False,https://www.westendpcb.com/panama-city-beach-weather/flag-status-update-april-9-2024-panama-city-beach-flags-are-now-double-red/
2024-04-13,Single Red,False,True,True,https://www.westendpcb.com/panama-city-beach-weather/flag-status-update-april-13-2024-panama-city-beach-flags-are-now-single-red/
2024-04-14,Yellow,False,True,True,https://www.westendpcb.com/panama-city-beach-weather/flag-status-update-april-14-2024-panama-city-beach-flags-are-now-yellow/
2024-04-17,Single Red,False,True,True,https://www.westendpcb.com/panama-city-beach-weather/flag-status-update-april-17-2024-panama-city-beach-flags-are-now-single-red/
2024-04-21,Yellow,False,False,False,https://www.westendpcb.com/panama-city-beach-weather/flag-status-update-april-21-2024-panama-city-beach-flags-are-now-yellow/
2024-04-27,Single Red,False,True,True,https://www.westendpcb.com/panama-city-beach-weather/flag-status-update-april-27-2024-panama-city-beach-flags-are-now-single-red/
2024-04-30,Double Red,False,True,True,https://www.westendpcb.com/panama-city-beach-weather/flag-status-update-april-28-2024-panama-city-beach-flags-are-now-double-red/
2024-05-01,Single Red,False,True,True,https://www.westendpcb.com/panama-city-beach-weather/flag-status-update-may-1-2024-panama-city-beach-flags-are-now-single-red/
2024-05-02,Yellow,False,True,True,https://www.westendpcb.com/panama-city-beach-weather/flag-status-update-may-2-2024-panama-city-beach-flags-are-now-yellow/
2024-05-06,Single Red,False,True,True,https://www.westendpcb.com/panama-city-beach-weather/flag-status-update-may-6-2024-panama-city-beach-flags-are-now-single-red/
2024-05-09,Double Red,False,True,True,https://www.westendpcb.com/panama-city-beach-weather/flag-status-update-may-9-2024-panama-city-beach-flags-are-now-double-red/
2024-05-10,Single Red,False,False,False,https://www.westendpcb.com/panama-city-beach-weather/flag-status-update-may-10-2024-panama-city-beach-flags-are-now-single-red/
2024-05-12,Yellow,False,True,True,https://www.westendpcb.com/panama-city-beach-weather/flag-status-update-may-12-2024-panama-city-beach-flags-are-now-yellow/
2024-05-13,Single Red,False,True,True,https://www.westendpcb.com/panama-city-beach-weather/flag-status-update-may-13-2024-panama-city-beach-flags-are-now-single-red/
2024-05-14,Double Red,False,True,True,https://www.westendpcb.com/panama-city-beach-weather/flag-status-update-may-14-2024-panama-city-beach-flags-are-now-double-red/
2024-05-16,Single Red,False,True,True,https://www.westendpcb.com/panama-city-beach-weather/flag-status-update-may-16-2024-panama-city-beach-flags-are-now-single-red/
2024-05-19,Double Red,False,True,True,https://www.westendpcb.com/panama-city-beach-weather/flag-status-update-may-19-2024-panama-city-beach-flags-are-now-double-red/
2024-05-20,Single Red,False,True,True,https://www.westendpcb.com/panama-city-beach-weather/flag-status-update-may-20-2024-panama-city-beach-flags-are-now-single-red/
2024-05-22,Yellow,False,True,True,https://www.westendpcb.com/panama-city-beach-weather/flag-status-update-may-22-2024-panama-city-beach-flags-are-now-yellow/
2024-05-24,Single Red,False,True,True,https://www.westendpcb.com/panama-city-beach-weather/flag-status-update-may-24-2024-panama-city-beach-flags-are-now-single-red/
2024-05-27,Double Red,False,True,True,https://www.westendpcb.com/panama-city-beach-weather/flag-status-update-may-27-2024-panama-city-beach-flags-are-now-double-red/
2024-05-28,Single Red,False,True,True,https://www.westendpcb.com/panama-city-beach-weather/flag-status-update-may-28-2024-panama-city-beach-flags-are-now-single-red/
2024-05-29,Yellow,False,True,True,https://www.westendpcb.com/panama-city-beach-weather/flag-status-update-may-29-2024-panama-city-beach-flags-are-now-yellow/
2024-05-31,Single Red,False,False,False,https://www.westendpcb.com/panama-city-beach-weather/flag-status-update-may-31-2024-panama-city-beach-flags-are-now-single-red/
2024-06-03,Yellow,False,True,True,https://www.westendpcb.com/panama-city-beach-weather/flag-status-update-june-3-2024-panama-city-beach-flags-are-now-yellow/
2024-06-05,Single Red,False,True,True,https://www.westendpcb.com/panama-city-beach-weather/flag-status-update-june-5-2024-panama-city-beach-flags-are-now-single-red/
2024-06-07,Double Red,False,False,False,https://www.westendpcb.com/panama-city-beach-weather/flag-status-update-june-7-2024-panama-city-beach-flags-are-now-double-red/
2024-06-09,Single Red,True,True,False,https://www.westendpcb.com/panama-city-beach-weather/flag-status-update-june-8-2024-panama-city-beach-flags-are-now-single-red-purple/
2024-06-12,Yellow,True,True,False,https://www.westendpcb.com/panama-city-beach-weather/flag-status-update-june-10-2024-panama-city-beach-flags-are-now-yellow-purple/
2024-06-14,Yellow,False,True,True,https://www.westendpcb.com/panama-city-beach-weather/flag-status-update-june-13-2024-panama-city-beach-flags-are-now-yellow-2/
2024-06-16,Single Red,True,True,False,https://www.westendpcb.com/panama-city-beach-weather/flag-status-update-june-16-2024-panama-city-beach-flags-are-now-single-red/
2024-06-17,Single Red,False,True,True,https://www.westendpcb.com/panama-city-beach-weather/flag-status-update-june-17-2024-panama-city-beach-flags-are-now-single-red/
2024-06-20,Double Red,False,True,True,https://www.westendpcb.com/panama-city-beach-weather/flag-status-update-june-18-2024-panama-city-beach-flags-are-now-double-red/
2024-06-23,Single Red,False,True,True,https://www.westendpcb.com/panama-city-beach-weather/flag-status-update-june-20-2024-panama-city-beach-flags-are-now-single-red/
2024-06-24,Double Red,False,True,True,https://www.westendpcb.com/panama-city-beach-weather/flag-status-update-june-23-2024-panama-city-beach-flags-are-now-double-red/
2024-06-30,Single Red,False,True,True,https://www.westendpcb.com/panama-city-beach-weather/flag-status-update-june-25-2024-panama-city-beach-flags-are-now-single-red/
2024-07-01,Double Red,False,True,True,https://www.westendpcb.com/panama-city-beach-weather/flag-status-update-june-30-2024-panama-city-beach-flags-are-now-double-red/
2024-07-02,Single Red,False,True,True,https://www.westendpcb.com/panama-city-beach-weather/flag-status-update-july-2-2024-panama-city-beach-flags-are-now-single-red/
2024-07-05,Single Red,False,True,True,https://www.westendpcb.com/panama-city-beach-weather/flag-status-update-july-5-2024-panama-city-beach-flags-are-now-single-red/
2024-07-05,Yellow,False,True,True,https://www.westendpcb.com/panama-city-beach-weather/flag-status-update-july-3-2024-panama-city-beach-flags-are-now-yellow/
2024-07-06,Double Red,False,True,True,https://www.westendpcb.com/panama-city-beach-weather/flag-status-update-july-5-2024-panama-city-beach-flags-are-now-double-red/
2024-07-07,Single Red,False,True,True,https://www.westendpcb.com/panama-city-beach-weather/flag-status-update-july-7-2024-panama-city-beach-flags-are-now-single-red/
2024-07-10,Double Red,False,True,True,https://www.westendpcb.com/panama-city-beach-weather/flag-status-update-july-9-2024-panama-city-beach-flags-are-now-double-red/
2024-07-12,Single Red,False,True,True,https://www.westendpcb.com/panama-city-beach-weather/flag-status-update-july-11-2024-panama-city-beach-flags-are-now-single-red/
2024-07-16,Yellow,False,True,True,https://www.westendpcb.com/panama-city-beach-weather/flag-status-update-july-13-2024-panama-city-beach-flags-are-now-yellow/
2024-07-19,Single Red,False,True,True,https://www.westendpcb.com/panama-city-beach-weather/flag-status-update-july-19-2024-panama-city-beach-flags-are-now-single-red/
2024-08-01,Yellow,False,True,True,https://www.westendpcb.com/panama-city-beach-weather/flag-status-update-july-24-2024-panama-city-beach-flags-are-now-yellow/
2024-08-04,Single Red,False,False,False,https://www.westendpcb.com/panama-city-beach-weather/flag-status-update-august-4-2024-panama-city-beach-flags-are-now-single-red/
2024-08-06,Yellow,False,True,True,https://www.westendpcb.com/panama-city-beach-weather/flag-status-update-august-6-2024-panama-city-beach-flags-are-now-yellow/
2024-08-08,Single Red,False,True,True,https://www.westendpcb.com/panama-city-beach-weather/flag-status-update-august-7-2024-panama-city-beach-flags-are-now-single-red/
2024-08-14,Yellow,False,True,True,https://www.westendpcb.com/panama-city-beach-weather/flag-status-update-august-14-2024-panama-city-beach-flags-are-now-yellow/
2024-08-14,Yellow,False,True,True,https://www.westendpcb.com/panama-city-beach-weather/flag-status-update-august-9-2024-panama-city-beach-flags-are-now-yellow/
2024-08-19,Single Red,False,True,True,https://www.westendpcb.com/panama-city-beach-weather/flag-status-update-august-19-2024-panama-city-beach-flags-are-now-single-red/
2024-08-20,Yellow,False,True,True,https://www.westendpcb.com/panama-city-beach-weather/flag-status-update-august-20-2024-panama-city-beach-flags-are-now-yellow/
2024-08-30,Single Red,False,True,True,https://www.westendpcb.com/panama-city-beach-weather/flag-status-update-august-30-2024-panama-city-beach-flags-are-now-single-red/
2024-09-01,Single Red,True,True,True,https://www.westendpcb.com/panama-city-beach-weather/flag-status-update-september-1-2024-panama-city-beach-flags-are-now-single-red-and-purple/
2024-09-02,Yellow,True,True,True,https://www.westendpcb.com/panama-city-beach-weather/flag-status-update-september-2-2024-panama-city-beach-flags-are-now-yellow-purple/
2024-09-04,Yellow,False,True,False,https://www.westendpcb.com/panama-city-beach-weather/flag-status-update-september-4-2024-panama-city-beach-flags-are-now-yellow-3/
2024-09-10,Single Red,True,True,True,https://www.westendpcb.com/panama-city-beach-weather/flag-status-update-september-10-2024-panama-city-beach-flags-are-now-single-red/
2024-09-11,Single Red,False,True,False,https://www.westendpcb.com/panama-city-beach-weather/flag-status-update-september-11-2024-panama-city-beach-flags-are-now-single-red/
2024-09-11,Single Red,True,True,True,https://www.westendpcb.com/panama-city-beach-weather/flag-status-update-september-11-2024-panama-city-beach-flags-are-now-single-red-with-purple/
2024-09-12,Double Red,False,True,True,https://www.westendpcb.com/panama-city-beach-conditions/flag-status-update-september-12-2024-panama-city-beach-flags-are-now-double-red/
2024-09-14,Single Red,False,True,True,https://www.westendpcb.com/panama-city-beach-weather/flag-status-update-september-14-2024-panama-city-beach-flags-are-now-single-red/
2024-09-15,Yellow,False,True,True,https://www.westendpcb.com/panama-city-beach-weather/flag-status-update-september-15-2024-panama-city-beach-flags-are-now-yellow/
2024-09-25,Single Red,False,True,True,https://www.westendpcb.com/panama-city-beach-weather/flag-status-update-september-25-2024-panama-city-beach-flags-are-now-single-red/
2024-09-28,Double Red,False,True,True,https://www.westendpcb.com/panama-city-beach-weather/flag-status-update-september-25-2024-panama-city-beach-flags-are-now-double-red/
2024-09-30,Single Red,False,True,True,https://www.westendpcb.com/panama-city-beach-weather/flag-status-update-september-30-2024-panama-city-beach-flags-are-now-single-red/
2024-10-01,Yellow,False,True,True,https://www.westendpcb.com/panama-city-beach-weather/flag-status-update-october-1-2024-panama-city-beach-flags-are-now-yellow/
2024-10-09,Single Red,False,True,True,https://www.westendpcb.com/panama-city-beach-weather/flag-status-update-october-9-2024-panama-city-beach-flags-are-now-single-red/
2024-10-11,Yellow,False,True,True,https://www.westendpcb.com/panama-city-beach-weather/flag-status-update-october-11-2024-panama-city-beach-flags-are-now-yellow/
2024-10-16,Yellow,False,True,True,https://www.westendpcb.com/panama-city-beach-weather/flag-status-update-october-16-2024-panama-city-beach-flags-are-now-yellow/
2024-10-23,Yellow,False,True,True,https://www.westendpcb.com/panama-city-beach-weather/flag-status-update-october-23-2024-panama-city-beach-flags-are-now-yellow/
2024-10-31,Single Red,False,True,True,https://www.westendpcb.com/panama-city-beach-weather/flag-status-update-october-31-2024-panama-city-beach-flags-are-now-single-red/
2024-11-05,Double Red,False,True,True,https://www.westendpcb.com/panama-city-beach-weather/flag-status-update-november-5-2024-panama-city-beach-flags-are-now-double-red/
2024-11-06,Single Red,False,True,True,https://www.westendpcb.com/panama-city-beach-weather/flag-status-update-november-6-2024-panama-city-beach-flags-are-now-single-red/
2024-11-14,Double Red,False,True,True,https://www.westendpcb.com/panama-city-beach-weather/flag-status-update-november-14-2024-panama-city-beach-flags-are-now-double-red/
2024-11-15,Single Red,False,True,True,https://www.westendpcb.com/panama-city-beach-weather/flag-status-update-november-15-2024-panama-city-beach-flags-are-now-single-red/
2024-11-16,Yellow,False,True,True,https://www.westendpcb.com/panama-city-beach-weather/flag-status-update-november-16-2024-panama-city-beach-flags-are-now-yellow/
2024-11-18,Single Red,False,True,True,https://www.westendpcb.com/panama-city-beach-weather/flag-status-update-november-18-2024-panama-city-beach-flags-are-now-single-red/
2024-11-19,Double Red,False,True,True,https://www.westendpcb.com/panama-city-beach-weather/flag-status-update-november-19-2024-panama-city-beach-flags-are-now-double-red/
2024-11-21,Single Red,False,True,True,https://www.westendpcb.com/panama-city-beach-weather/flag-status-update-november-21-2024-panama-city-beach-flags-are-now-single-red/
2024-11-24,Yellow,False,True,True,https://www.westendpcb.com/panama-city-beach-weather/flag-status-update-november-24-2024-panama-city-beach-flags-are-now-yellow/
2024-11-26,Single Red,False,True,True,https://www.westendpcb.com/panama-city-beach-weather/flag-status-update-november-26-2024-panama-city-beach-flags-are-now-single-red/
2024-11-27,Yellow,False,True,True,https://www.westendpcb.com/panama-city-beach-weather/flag-status-update-november-27-2024-panama-city-beach-flags-are-now-yellow/
2024-11-30,Yellow,False,True,True,https://www.westendpcb.com/panama-city-beach-weather/flag-status-update-november-30-2024-panama-city-beach-flags-are-now-yellow/
2024-12-05,Single Red,False,True,True,https://www.westendpcb.com/panama-city-beach-weather/flag-status-update-december-5-2024-panama-city-beach-flags-are-now-single-red/
2024-12-06,Yellow,False,True,True,https://www.westendpcb.com/panama-city-beach-weather/flag-status-update-december-6-2024-panama-city-beach-flags-are-now-yellow/
2024-12-09,Single Red,False,True,True,https://www.westendpcb.com/panama-city-beach-weather/flag-status-update-december-9-2024-panama-city-beach-flags-are-now-single-red/
2024-12-12,Yellow,False,True,True,https://www.westendpcb.com/panama-city-beach-weather/flag-status-update-december-12-2024-panama-city-beach-flags-are-now-yellow/
2024-12-27,Single Red,False,True,True,https://www.westendpcb.com/panama-city-beach-weather/flag-status-update-december-27-2024-panama-city-beach-flags-are-now-single-red/
2025-01-02,Yellow,False,True,True,https://www.westendpcb.com/panama-city-beach-weather/flag-status-update-january-2-2025-panama-city-beach-flags-are-now-yellow/
2025-01-05,Single Red,False,True,True,https://www.westendpcb.com/panama-city-beach-weather/flag-status-update-january-5-2025-panama-city-beach-flags-are-now-single-red/
2025-01-06,Double Red,False,True,True,https://www.westendpcb.com/panama-city-beach-weather/flag-status-update-january-6-2025-panama-city-beach-flags-are-now-double-red/
2025-01-07,Single Red,False,True,True,https://www.westendpcb.com/panama-city-beach-weather/flag-status-update-january-7-2025-panama-city-beach-flags-are-now-single-red/
2025-01-08,Yellow,False,True,True,https://www.westendpcb.com/panama-city-beach-weather/flag-status-update-january-8-2025-panama-city-beach-flags-are-now-yellow/
2025-01-10,Single Red,False,True,True,https://www.westendpcb.com/panama-city-beach-weather/flag-status-update-january-10-2025-panama-city-beach-flags-are-now-single-red/
2025-01-12,Yellow,False,True,True,https://www.westendpcb.com/panama-city-beach-weather/flag-status-update-january-12-2025-panama-city-beach-flags-are-now-yellow/
2025-01-14,Yellow,False,True,True,https://www.westendpcb.com/panama-city-beach-weather/flag-status-update-january-14-2025-panama-city-beach-flags-are-now-yellow/
2025-01-18,Single Red,False,True,True,https://www.westendpcb.com/panama-city-beach-weather/flag-status-update-january-18-2025-panama-city-beach-flags-are-now-single-red/
2025-01-20,Yellow,False,True,True,https://www.westendpcb.com/panama-city-beach-weather/flag-status-update-january-20-2025-panama-city-beach-flags-are-now-yellow/
2025-01-31,Single Red,False,True,True,https://www.westendpcb.com/panama-city-beach-weather/flag-status-update-january-31-2025-panama-city-beach-flags-are-now-single-red/
2025-02-02,Yellow,False,True,True,https://www.westendpcb.com/panama-city-beach-weather/flag-status-update-february-2-2025-panama-city-beach-flags-are-now-yellow/
2025-02-12,Single Red,False,True,True,https://www.westendpcb.com/panama-city-beach-weather/flag-status-update-february-12-2025-panama-city-beach-flags-are-now-single-red/
2025-02-12,Single Red,True,True,True,https://www.westendpcb.com/panama-city-beach-weather/flag-status-update-february-12-2025-panama-city-beach-flags-are-now-single-red-with-purple/
2025-02-14,Yellow,True,True,True,https://www.westendpcb.com/panama-city-beach-weather/flag-status-update-february-14-2025-panama-city-beach-flags-are-now-yellow-with-purple/
2025-02-15,Single Red,True,True,True,https://www.westendpcb.com/panama-city-beach-weather/flag-status-update-february-15-2025-panama-city-beach-flags-are-now-single-red-with-purple/
2025-02-17,Yellow,False,True,True,https://www.westendpcb.com/panama-city-beach-weather/flag-status-update-february-17-2025-panama-city-beach-flags-are-now-yellow/
2025-03-04,Single Red,False,True,True,https://www.westendpcb.com/panama-city-beach-weather/flag-status-update-march-4-2025-panama-city-beach-flags-are-now-single-red/
2025-03-05,Double Red,False,True,True,https://www.westendpcb.com/panama-city-beach-weather/flag-status-update-march-5-2025-panama-city-beach-flags-are-now-double-red/
2025-03-06,Single Red,False,True,True,https://www.westendpcb.com/panama-city-beach-weather/flag-status-update-march-6-2025-panama-city-beach-flags-are-now-single-red/
2025-03-08,Yellow,False,True,True,https://www.westendpcb.com/panama-city-beach-weather/flag-status-update-march-8-2025-panama-city-beach-flags-are-now-yellow/
2025-03-10,Single Red,False,True,True,https://www.westendpcb.com/panama-city-beach-weather/flag-status-update-march-10-2025-panama-city-beach-flags-are-now-single-red/
2025-03-11,Single Red,False,True,True,https://www.westendpcb.com/panama-city-beach-weather/flag-status-update-march-11-2025-panama-city-beach-flags-are-now-single-red-3/
2025-03-12,Yellow,False,True,True,https://www.westendpcb.com/panama-city-beach-weather/flag-status-update-march-12-2025-panama-city-beach-flags-are-now-yellow/
2025-03-13,Single Red,False,True,True,https://www.westendpcb.com/panama-city-beach-weather/flag-status-update-march-13-2025-panama-city-beach-flags-are-now-single-red/
2025-03-15,Double Red,False,True,True,https://www.westendpcb.com/panama-city-beach-weather/flag-status-update-march-15-2025-panama-city-beach-flags-are-now-double-red/
2025-03-18,Single Red,False,True,True,https://www.westendpcb.com/panama-city-beach-weather/flag-status-update-march-18-2025-panama-city-beach-flags-are-now-single-red/
2025-03-19,Yellow,False,True,True,https://www.westendpcb.com/panama-city-beach-weather/flag-status-update-march-19-2025-panama-city-beach-flags-are-now-yellow/
2025-03-20,Double Red,False,True,True,https://www.westendpcb.com/panama-city-beach-weather/flag-status-update-march-20-2025-panama-city-beach-flags-are-now-double-red/
2025-03-21,Single Red,False,True,True,https://www.westendpcb.com/panama-city-beach-weather/flag-status-update-march-21-2025-panama-city-beach-flags-are-now-single-red/
2025-03-22,Yellow,False,True,True,https://www.westendpcb.com/panama-city-beach-weather/flag-status-update-march-22-2025-panama-city-beach-flags-are-now-yellow/
2025-03-28,Single Red,False,True,True,https://www.westendpcb.com/panama-city-beach-weather/flag-status-update-march-28-2025-panama-city-beach-flags-are-now-single-red/
2025-03-29,Double Red,False,True,True,https://www.westendpcb.com/panama-city-beach-weather/flag-status-update-march-29-2025-panama-city-beach-flags-are-now-double-red/
2025-03-31,Single Red,False,True,True,https://www.westendpcb.com/panama-city-beach-weather/flag-status-update-march-31-2025-panama-city-beach-flags-are-now-single-red/
2025-04-03,Double Red,False,True,True,https://www.westendpcb.com/panama-city-beach-weather/flag-status-update-april-3-2025-panama-city-beach-flags-are-now-double-red/
2025-04-08,Single Red,True,True,True,https://www.westendpcb.com/panama-city-beach-weather/flag-status-update-april-8-2025-panama-city-beach-flags-are-now-single-red-with-purple/
2025-04-10,Yellow,True,True,True,https://www.westendpcb.com/panama-city-beach-weather/flag-status-update-april-10-2025-panama-city-beach-flags-are-now-yellow-with-purple/
2025-04-14,Yellow,False,True,True,https://www.westendpcb.com/panama-city-beach-weather/flag-status-update-april-14-2025-panama-city-beach-flags-are-now-yellow/
2025-04-15,Single Red,False,True,True,https://www.westendpcb.com/panama-city-beach-weather/flag-status-update-april-15-2025-panama-city-beach-flags-are-now-single-red/
2025-04-16,Yellow,False,True,True,https://www.westendpcb.com/panama-city-beach-weather/flag-status-update-april-16-2025-panama-city-beach-flags-are-now-yellow/
2025-04-20,Single Red,False,True,True,https://www.westendpcb.com/panama-city-beach-weather/flag-status-update-april-20-2025-panama-city-beach-flags-are-now-single-red/
2025-04-21,Yellow,False,True,True,https://www.westendpcb.com/panama-city-beach-weather/flag-status-update-april-21-2025-panama-city-beach-flags-are-now-yellow/
2025-04-30,Single Red,False,True,True,https://www.westendpcb.com/panama-city-beach-weather/flag-status-update-april-30-2025-panama-city-beach-flags-are-now-single-red/
2025-05-02,Yellow,False,True,True,https://www.westendpcb.com/panama-city-beach-weather/flag-status-update-may-2-2025-panama-city-beach-flags-are-now-yellow/
2025-05-03,Single Red,False,True,True,https://www.westendpcb.com/panama-city-beach-weather/flag-status-update-may-3-2025-panama-city-beach-flags-are-now-single-red/
2025-05-04,Yellow,False,True,True,https://www.westendpcb.com/panama-city-beach-weather/flag-status-update-may-4-2025-panama-city-beach-flags-are-now-yellow/
2025-05-08,Single Red,False,True,True,https://www.westendpcb.com/panama-city-beach-weather/flag-status-update-may-8-2025-panama-city-beach-flags-are-now-single-red/
2025-05-09,Yellow,False,True,True,https://www.westendpcb.com/panama-city-beach-weather/flag-status-update-may-9-2025-panama-city-beach-flags-are-now-yellow/
2025-05-10,Double Red,False,True,True,https://www.westendpcb.com/panama-city-beach-weather/flag-status-update-may-10-2025-panama-city-beach-flags-are-now-single-red/
2025-05-16,Single Red,False,True,True,https://www.westendpcb.com/panama-city-beach-weather/flag-status-update-may-16-2025-panama-city-beach-flags-are-now-single-red/
2025-05-18,Yellow,False,True,True,https://www.westendpcb.com/panama-city-beach-weather/flag-status-update-may-18-2025-panama-city-beach-flags-are-now-yellow-2/
2025-05-20,Single Red,False,True,True,https://www.westendpcb.com/panama-city-beach-weather/flag-status-update-may-20-2025-panama-city-beach-flags-are-now-single-red/
2025-05-22,Yellow,False,True,True,https://www.westendpcb.com/panama-city-beach-weather/flag-status-update-may-22-2025-panama-city-beach-flags-are-now-yellow/
2025-05-25,Yellow,True,True,True,https://www.westendpcb.com/panama-city-beach-weather/flag-status-update-may-25-2025-panama-city-beach-flags-are-now-yellow-with-purple/
2025-05-26,Yellow,True,True,True,https://www.westendpcb.com/panama-city-beach-weather/flag-status-update-may-26-2025-panama-city-beach-flags-are-now-yellow-with-purple/
2025-06-06,Single Red,False,True,True,https://www.westendpcb.com/panama-city-beach-weather/flag-status-update-june-6-2025-panama-city-beach-flags-are-now-single-red/
2025-06-07,Double Red,False,True,True,https://www.westendpcb.com/panama-city-beach-weather/flag-status-update-june-7-2025-panama-city-beach-flags-are-now-double-red/
2025-06-08,Single Red,False,True,True,https://www.westendpcb.com/panama-city-beach-weather/flag-status-update-june-8-2025-panama-city-beach-flags-are-now-single-red/
2025-06-14,Yellow,False,True,True,https://www.westendpcb.com/panama-city-beach-weather/flag-status-update-june-10-2025-panama-city-beach-flags-are-now-yellow/
2025-06-17,Single Red,False,True,True,https://www.westendpcb.com/panama-city-beach-weather/flag-status-update-june-17-2025-panama-city-beach-flags-are-now-single-red/
2025-06-21,Yellow,False,True,True,https://www.westendpcb.com/panama-city-beach-weather/flag-status-update-june-21-2025-panama-city-beach-flags-are-now-yellow/
2025-07-08,Yellow,True,True,True,https://www.westendpcb.com/panama-city-beach-weather/flag-status-update-july-8-2025-panama-city-beach-flags-are-now-yellow-with-purple/
2025-07-14,Yellow,False,True,True,https://www.westendpcb.com/panama-city-beach-weather/flag-status-update-july-14-2025-panama-city-beach-flags-are-now-yellow/
2025-07-17,Single Red,False,True,True,https://www.westendpcb.com/panama-city-beach-weather/flag-status-update-july-17-2025-panama-city-beach-flags-are-now-single-red/
2025-07-19,Yellow,False,True,True,https://www.westendpcb.com/panama-city-beach-weather/flag-status-update-july-19-2025-panama-city-beach-flags-are-now-yellow/
2025-08-01,Yellow,False,True,True,https://www.westendpcb.com/panama-city-beach-weather/flag-status-update-august-1-2025-panama-city-beach-flags-are-now-yellow/
2025-08-06,Yellow,False,True,True,https://www.westendpcb.com/panama-city-beach-weather/flag-status-update-august-6-2025-panama-city-beach-flags-are-now-yellow/
2025-08-12,Single Red,False,True,True,https://www.westendpcb.com/panama-city-beach-weather/flag-status-update-august-12-2025-panama-city-beach-flags-are-now-single-red/
2025-08-15,Single Red,False,False,False,https://www.westendpcb.com/panama-city-beach-weather/flag-status-update-august-15-2025-panama-city-beach-flags-are-now-single-red-29/
2025-08-15,Yellow,False,True,True,https://www.westendpcb.com/panama-city-beach-weather/flag-status-update-august-15-2025-panama-city-beach-flags-are-now-yellow/
2025-08-23,Single Red,False,True,True,https://www.westendpcb.com/panama-city-beach-weather/flag-status-update-august-23-2025-panama-city-beach-flags-are-now-single-red/
2025-08-24,Yellow,False,True,True,https://www.westendpcb.com/panama-city-beach-weather/flag-status-update-august-24-2025-panama-city-beach-flags-are-now-yellow/
2025-08-26,Yellow,False,True,True,https://www.westendpcb.com/panama-city-beach-weather/flag-status-update-august-26-2025-panama-city-beach-flags-are-now-yellow/
2025-10-18,Single Red,False,True,True,https://www.westendpcb.com/panama-city-beach-weather/flag-status-update-october-18-2025-panama-city-beach-flags-are-now-single-red/
2025-10-19,Single Red,False,True,True,https://www.westendpcb.com/panama-city-beach-weather/flag-status-update-october-19-2025-panama-city-beach-flags-are-now-single-red/
2025-10-19,Yellow,False,True,True,https://www.westendpcb.com/panama-city-beach-weather/flag-status-update-october-19-2025-panama-city-beach-flags-are-now-yellow/
2025-10-20,Yellow,False,True,True,https://www.westendpcb.com/panama-city-beach-weather/flag-status-update-october-20-2025-panama-city-beach-flags-are-now-yellow/
2025-10-26,Single Red,False,True,True,https://www.westendpcb.com/panama-city-beach-weather/flag-status-update-october-26-2025-panama-city-beach-flags-are-now-single-red/
2025-10-28,Yellow,False,True,True,https://www.westendpcb.com/panama-city-beach-weather/flag-status-update-october-28-2025-panama-city-beach-flags-are-now-yellow/
2025-10-29,Single Red,False,True,True,https://www.westendpcb.com/panama-city-beach-weather/flag-status-update-october-29-2025-panama-city-beach-flags-are-now-single-red/
2025-11-01,Yellow,False,True,True,https://www.westendpcb.com/panama-city-beach-weather/flag-status-update-november-1-2025-panama-city-beach-flags-are-now-yellow/
2025-11-07,Yellow,False,True,True,https://www.westendpcb.com/panama-city-beach-weather/flag-status-update-november-7-2025-panama-city-beach-flags-are-now-yellow/
2025-11-16,Single Red,False,True,True,https://www.westendpcb.com/panama-city-beach-weather/flag-status-update-november-16-2025-panama-city-beach-flags-are-now-single-red/
2025-11-17,Yellow,False,True,True,https://www.westendpcb.com/panama-city-beach-weather/flag-status-update-november-17-2025-panama-city-beach-flags-are-now-yellow/
2025-12-05,Single Red,False,True,True,https://www.westendpcb.com/panama-city-beach-weather/flag-status-update-december-5-2025-panama-city-beach-flags-are-now-single-red/
2025-12-06,Yellow,False,True,True,https://www.westendpcb.com/panama-city-beach-weather/flag-status-update-december-6-2025-panama-city-beach-flags-are-now-yellow/
2025-12-18,Single Red,False,True,True,https://www.westendpcb.com/panama-city-beach-weather/flag-status-update-december-18-2025-panama-city-beach-flags-are-now-single-red/
2025-12-20,Yellow,False,True,True,https://www.westendpcb.com/panama-city-beach-weather/flag-status-update-december-20-2025-panama-city-beach-flags-are-now-yellow/
2025-12-25,Yellow,False,True,True,https://www.westendpcb.com/panama-city-beach-weather/flag-status-update-december-25-2025-panama-city-beach-flags-are-now-yellow/
2026-01-03,Single Red,False,True,True,https://www.westendpcb.com/panama-city-beach-weather/flag-status-update-january-3-2026-panama-city-beach-flags-are-now-single-red/
2026-01-05,Yellow,False,True,True,https://www.westendpcb.com/panama-city-beach-weather/flag-status-update-january-5-2026-panama-city-beach-flags-are-now-yellow/
2026-01-09,Single Red,False,True,True,https://www.westendpcb.com/panama-city-beach-weather/flag-status-update-january-9-2026-panama-city-beach-flags-are-now-single-red/
2026-01-12,Yellow,False,True,True,https://www.westendpcb.com/panama-city-beach-weather/flag-status-update-january-12-2026-panama-city-beach-flags-are-now-yellow/
2026-01-18,Yellow,False,True,True,https://www.westendpcb.com/panama-city-beach-weather/flag-status-update-january-18-2026-panama-city-beach-flags-are-now-yellow/
2026-01-25,Double Red,False,True,True,https://www.westendpcb.com/panama-city-beach-weather/flag-status-update-january-25-2026-panama-city-beach-flags-are-now-double-red/
2026-01-28,Yellow,False,True,True,https://www.westendpcb.com/panama-city-beach-weather/flag-status-update-january-28-2026-panama-city-beach-flags-are-now-yellow/
2026-02-01,Single Red,False,True,True,https://www.westendpcb.com/panama-city-beach-weather/flag-status-update-february-1-2026-panama-city-beach-flags-are-now-single-red/
2026-02-02,Yellow,False,True,True,https://www.westendpcb.com/panama-city-beach-weather/flag-status-update-february-2-2026-panama-city-beach-flags-are-now-yellow/
2026-02-04,Single Red,False,True,True,https://www.westendpcb.com/panama-city-beach-weather/flag-status-update-february-4-2026-panama-city-beach-flags-are-now-single-red/
2026-02-08,Single Red,False,False,False,https://www.westendpcb.com/panama-city-beach-weather/flag-status-update-february-8-2026-panama-city-beach-flags-are-now-single-red/
2026-02-08,Yellow,False,True,True,https://www.westendpcb.com/panama-city-beach-weather/flag-status-update-february-8-2026-panama-city-beach-flags-are-now-yellow-2/
2026-02-15,Single Red,False,True,True,https://www.westendpcb.com/panama-city-beach-weather/flag-status-update-february-15-2026-panama-city-beach-flags-are-now-single-red/
2026-02-17,Yellow,False,True,True,https://www.westendpcb.com/panama-city-beach-weather/flag-status-update-february-17-2026-panama-city-beach-flags-are-now-yellow/
2026-02-19,Single Red,False,True,True,https://www.westendpcb.com/panama-city-beach-weather/flag-status-update-february-19-2026-panama-city-beach-flags-are-now-single-red/
2026-02-27,Double Red,False,True,True,https://www.westendpcb.com/panama-city-beach-weather/flag-status-update-february-27-2026-panama-city-beach-flags-are-now-double-red/
2026-02-28,Single Red,False,True,True,https://www.westendpcb.com/panama-city-beach-weather/flag-status-update-february-28-2026-panama-city-beach-flags-are-now-single-red/
2026-03-01,Yellow,False,True,True,https://www.westendpcb.com/panama-city-beach-weather/flag-status-update-march-1-2026-panama-city-beach-flags-are-now-yellow/
2026-03-12,Single Red,True,True,True,https://www.westendpcb.com/panama-city-beach-weather/flag-status-update-march-12-2026-panama-city-beach-flags-are-now-single-red-with-purple/
2026-03-14,Yellow,True,True,True,https://www.westendpcb.com/panama-city-beach-weather/flag-status-update-march-14-2026-panama-city-beach-flags-are-now-yellow-with-purple/
2026-03-16,Single Red,False,True,True,https://www.westendpcb.com/panama-city-beach-weather/flag-status-update-march-16-2026-panama-city-beach-flags-are-now-single-red/
2026-03-31,Yellow,False,True,True,https://www.westendpcb.com/panama-city-beach-weather/flag-status-update-march-17-2026-panama-city-beach-flags-are-now-yellow/
2026-04-03,Single Red,False,True,True,https://www.westendpcb.com/panama-city-beach-weather/flag-status-update-april-3-2026-panama-city-beach-flags-are-now-single-red/
2026-04-06,Yellow,False,True,True,https://www.westendpcb.com/panama-city-beach-weather/flag-status-update-april-6-2026-panama-city-beach-flags-are-now-yellow/
2026-04-23,Single Red,False,True,True,https://www.westendpcb.com/panama-city-beach-weather/flag-status-update-april-23-2026-panama-city-beach-flags-are-now-single-red/
2026-04-23,Single Red,True,True,True,https://www.westendpcb.com/panama-city-beach-weather/flag-status-update-april-23-2026-panama-city-beach-flags-are-now-single-red-with-purple/
2026-04-26,Yellow,False,True,True,https://www.westendpcb.com/panama-city-beach-weather/flag-status-update-april-26-2026-panama-city-beach-flags-are-now-yellow/
2026-04-28,Yellow,False,True,True,https://www.westendpcb.com/panama-city-beach-weather/flag-status-update-april-28-2026-panama-city-beach-flags-are-now-yellow/
2026-05-07,Single Red,False,True,True,https://www.westendpcb.com/panama-city-beach-weather/flag-status-update-may-7-2026-panama-city-beach-flags-are-now-single-red/
2026-05-10,Single Red,False,False,False,https://www.westendpcb.com/panama-city-beach-weather/flag-status-update-may-10-2026-panama-city-beach-flags-are-now-single-red/
2026-05-10,Yellow,False,True,True,https://www.westendpcb.com/panama-city-beach-weather/flag-status-update-may-10-2026-panama-city-beach-flags-are-now-yellow/
2026-05-18,Single Red,False,True,True,https://www.westendpcb.com/panama-city-beach-weather/flag-status-update-may-18-2026-panama-city-beach-flags-are-now-single-red/
2026-05-20,Yellow,False,True,True,https://www.westendpcb.com/panama-city-beach-weather/flag-status-update-may-20-2026-panama-city-beach-flags-are-now-yellow/
2026-05-22,Single Red,False,True,True,https://www.westendpcb.com/panama-city-beach-weather/flag-status-update-may-22-2026-panama-city-beach-flags-are-now-single-red/
2026-05-22,Yellow,False,False,False,https://www.westendpcb.com/panama-city-beach-weather/flag-status-update-may-22-2026-panama-city-beach-flags-are-now-yellow/
2026-05-30,Double Red,False,True,True,https://www.westendpcb.com/panama-city-beach-weather/flag-status-update-may-30-2026-panama-city-beach-flags-are-now-double-red/
2026-05-31,Single Red,False,True,True,https://www.westendpcb.com/panama-city-beach-weather/flag-status-update-may-31-2026-panama-city-beach-flags-are-now-single-red/
2026-06-03,Single Red,True,True,True,https://www.westendpcb.com/panama-city-beach-weather/flag-status-update-june-3-2026-panama-city-beach-flags-are-now-single-red-with-purple/
2026-06-04,Single Red,False,True,True,https://www.westendpcb.com/panama-city-beach-weather/flag-status-update-june-4-2026-panama-city-beach-flags-are-now-single-red/
2026-06-06,Single Red,True,True,True,https://www.westendpcb.com/panama-city-beach-weather/flag-status-update-june-6-2026-panama-city-beach-flags-are-now-single-red-with-purple/
2026-06-08,Yellow,False,True,True,https://www.westendpcb.com/panama-city-beach-weather/flag-status-update-june-8-2026-panama-city-beach-flags-are-now-yellow/
2026-06-08,Yellow,True,True,True,https://www.westendpcb.com/panama-city-beach-weather/flag-status-update-june-8-2026-panama-city-beach-flags-are-now-yellow-with-purple-2/
2026-06-10,Yellow,False,True,True,https://www.westendpcb.com/panama-city-beach-weather/flag-status-update-june-10-2026-panama-city-beach-flags-are-now-yellow/
2026-06-12,Single Red,False,True,True,https://www.westendpcb.com/panama-city-beach-weather/flag-status-update-june-12-2026-panama-city-beach-flags-are-now-single-red/
2026-06-17,Double Red,False,True,True,https://www.westendpcb.com/panama-city-beach-weather/flag-status-update-june-17-2026-panama-city-beach-flags-are-now-double-red/
2026-06-20,Double Red,False,True,True,https://www.westendpcb.com/panama-city-beach-weather/flag-status-update-june-20-2026-panama-city-beach-flags-are-now-double-red-2/
2026-06-20,Single Red,False,True,True,https://www.westendpcb.com/panama-city-beach-weather/flag-status-update-june-20-2026-panama-city-beach-flags-are-now-single-red-3/
2026-06-22,Double Red,False,False,False,https://www.westendpcb.com/panama-city-beach-weather/flag-status-update-june-22-2026-panama-city-beach-flags-are-now-double-red/
2026-06-23,Single Red,False,True,True,https://www.westendpcb.com/panama-city-beach-weather/flag-status-update-june-23-2026-panama-city-beach-flags-are-now-single-red/
2026-06-24,Yellow,False,True,True,https://www.westendpcb.com/panama-city-beach-weather/flag-status-update-june-24-2026-panama-city-beach-flags-are-now-yellow/
2026-07-02,Yellow,True,True,False,https://www.westendpcb.com/panama-city-beach-weather/flag-status-update-july-2-2026-panama-city-beach-flags-are-now-yellow-with-purple/
2026-07-08,Yellow,False,True,True,https://www.westendpcb.com/panama-city-beach-weather/flag-status-update-july-8-2026-panama-city-beach-flags-are-now-yellow/
2026-07-13,Single Red,False,True,True,https://www.westendpcb.com/panama-city-beach-weather/flag-status-update-july-13-2026-panama-city-beach-flags-are-now-single-red/
2026-07-16,Yellow,False,True,True,https://www.westendpcb.com/panama-city-beach-weather/flag-status-update-july-16-2026-panama-city-beach-flags-are-now-yellow/
2026-07-21,Double Red,False,True,True,https://www.westendpcb.com/panama-city-beach-weather/flag-status-update-july-21-2026-panama-city-beach-flags-are-now-double-red/
2026-07-23,Single Red,False,False,False,https://www.westendpcb.com/panama-city-beach-weather/flag-status-update-july-23-2026-panama-city-beach-flags-are-now-single-red/
2026-07-30,Yellow,False,True,True,https://www.westendpcb.com/panama-city-beach-weather/flag-status-update-july-30-2026-panama-city-beach-flags-are-now-yellow/
2026-08-02,Double Red,False,True,True,https://www.westendpcb.com/panama-city-beach-weather/flag-status-update-august-2-2026-panama-city-beach-flags-are-now-double-red/
2026-08-03,Single Red,False,True,True,https://www.westendpcb.com/panama-city-beach-weather/flag-status-update-august-3-2026-panama-city-beach-flags-are-now-single-red/
2026-08-04,Yellow,False,True,True,https://www.westendpcb.com/panama-city-beach-weather/flag-status-update-august-4-2026-panama-city-beach-flags-are-now-yellow/
2026-09-02,Yellow,True,True,True,https://www.westendpcb.com/panama-city-beach-conditions/flag-status-update-september-2-2026-panama-city-beach-flags-are-now/
